symbol,first_date,last_date,total_bars,dirty_bars,expected_in_lifespan,missing_middle,missing_middle_no_trading,missing_middle_collection_error,missing_tail,completeness_lifespan_pct,status
A32,2018-10-23,2026-08-07,1470,1,1945,475,0,475,0,75.58,COLLECTION_ERROR+DIRTY_BARS
AAA,2016-01-04,2026-08-18,2649,1,2647,0,0,0,0,100.00,DIRTY_BARS
AAH,2024-01-11,2026-08-07,639,0,639,0,0,0,0,100.00,FULL
AAM,2016-01-04,2026-08-07,2628,36,2647,19,0,19,0,99.28,COLLECTION_ERROR+DIRTY_BARS
AAN,2026-05-22,2026-08-07,56,0,56,0,0,0,0,100.00,FULL
AAS,2020-07-23,2026-08-07,1509,0,1509,0,0,0,0,100.00,FULL
AAT,2021-03-24,2026-08-07,1342,0,1342,0,0,0,0,100.00,FULL
AAV,2018-06-25,2026-08-07,2023,0,2030,7,0,7,0,99.66,COLLECTION_ERROR
ABB,2020-12-28,2026-08-07,1398,0,1398,0,0,0,0,100.00,FULL
ABC,2016-08-18,2026-08-07,2485,0,2492,7,0,7,0,99.72,COLLECTION_ERROR
ABI,2016-01-04,2026-08-07,2646,33,2647,1,0,1,0,99.96,COLLECTION_ERROR+DIRTY_BARS
ABR,2018-06-12,2026-08-04,1923,1,2036,113,0,113,3,94.45,COLLECTION_ERROR+MISSING_TAIL+DIRTY_BARS
ABS,2020-03-18,2026-08-07,1597,0,1597,0,0,0,0,100.00,FULL
ABT,2016-01-04,2026-08-07,2558,29,2647,89,0,89,0,96.64,COLLECTION_ERROR+DIRTY_BARS
ABW,2023-05-30,2026-08-07,798,0,798,0,0,0,0,100.00,FULL
ACB,2016-01-04,2026-08-07,2647,0,2647,0,0,0,0,100.00,FULL
ACC,2016-01-04,2026-08-07,2638,26,2647,9,0,9,0,99.66,COLLECTION_ERROR+DIRTY_BARS
ACE,2016-01-04,2026-08-07,2539,62,2647,108,0,108,0,95.92,COLLECTION_ERROR+DIRTY_BARS
ACG,2021-08-04,2026-08-06,1244,0,1249,5,0,5,1,99.60,COLLECTION_ERROR+MISSING_TAIL
ACL,2016-01-04,2026-08-07,2625,79,2647,22,0,22,0,99.17,COLLECTION_ERROR+DIRTY_BARS
ACM,2016-01-04,2026-08-07,2031,3,2647,616,0,616,0,76.73,COLLECTION_ERROR+DIRTY_BARS
ACS,2017-07-13,2026-08-03,1729,0,2263,534,0,534,4,76.40,COLLECTION_ERROR+MISSING_TAIL
ACV,2016-11-21,2026-08-07,2425,3,2426,1,0,1,0,99.96,COLLECTION_ERROR+DIRTY_BARS
ADC,2016-01-04,2026-07-30,1329,0,2641,1312,891,421,6,50.32,COLLECTION_ERROR+NO_TRADING+MISSING_TAIL
ADG,2019-12-26,2026-08-06,1607,0,1649,42,0,42,1,97.45,COLLECTION_ERROR+MISSING_TAIL
ADP,2016-01-04,2026-08-07,2568,123,2647,79,1,78,0,97.02,COLLECTION_ERROR+NO_TRADING+DIRTY_BARS
ADS,2016-06-29,2026-08-07,2527,4,2528,1,0,1,0,99.96,COLLECTION_ERROR+DIRTY_BARS
AFX,2016-12-02,2026-08-07,2410,3,2417,7,0,7,0,99.71,COLLECTION_ERROR+DIRTY_BARS
AG1,2018-01-10,2026-08-07,1940,6,2140,200,0,200,0,90.65,COLLECTION_ERROR+DIRTY_BARS
AGF,2016-01-04,2026-08-07,2008,6,2647,639,0,639,0,75.86,COLLECTION_ERROR+DIRTY_BARS
AGG,2020-01-09,2026-08-07,1641,0,1641,0,0,0,0,100.00,FULL
AGM,2016-01-04,2026-08-07,2310,0,2647,337,0,337,0,87.27,COLLECTION_ERROR
AGP,2016-01-04,2026-08-07,2622,220,2647,25,0,25,0,99.06,COLLECTION_ERROR+DIRTY_BARS
AGR,2016-01-04,2026-08-07,2647,1,2647,0,0,0,0,100.00,DIRTY_BARS
AGX,2016-01-04,2026-08-07,2296,274,2647,351,0,351,0,86.74,COLLECTION_ERROR+DIRTY_BARS
AIC,2021-01-08,2026-08-06,1149,0,1389,240,0,240,1,82.72,COLLECTION_ERROR+MISSING_TAIL
AIG,2024-11-11,2026-08-07,429,0,433,4,0,4,0,99.08,COLLECTION_ERROR
ALC,2026-01-15,2026-08-07,139,0,139,0,0,0,0,100.00,FULL
ALT,2016-01-08,2026-07-27,1313,0,2634,1321,962,359,9,49.85,COLLECTION_ERROR+NO_TRADING+MISSING_TAIL
ALV,2016-01-04,2026-08-07,2636,4,2647,11,6,5,0,99.58,COLLECTION_ERROR+NO_TRADING+DIRTY_BARS
AMC,2016-01-05,2026-08-07,1308,0,2646,1338,892,446,0,49.43,COLLECTION_ERROR+NO_TRADING
AME,2016-01-04,2026-07-30,2304,1,2641,337,0,337,6,87.24,COLLECTION_ERROR+MISSING_TAIL+DIRTY_BARS
AMP,2017-01-12,2026-08-07,1943,254,2389,446,0,446,0,81.33,COLLECTION_ERROR+DIRTY_BARS
AMS,2017-02-06,2026-08-07,2376,7,2377,1,0,1,0,99.96,COLLECTION_ERROR+DIRTY_BARS
AMV,2016-01-04,2026-08-07,2234,0,2647,413,111,302,0,84.40,COLLECTION_ERROR+NO_TRADING
ANI,2026-07-01,2026-08-03,16,0,24,8,0,8,4,66.67,COLLECTION_ERROR+MISSING_TAIL
ANT,2016-12-22,2026-08-07,2389,32,2403,14,0,14,0,99.42,COLLECTION_ERROR+DIRTY_BARS
ANV,2016-01-04,2026-08-07,2647,5,2647,0,0,0,0,100.00,DIRTY_BARS
APC,2016-01-04,2026-08-07,2522,5,2647,125,0,125,0,95.28,COLLECTION_ERROR+DIRTY_BARS
APF,2017-06-08,2026-08-07,2287,3,2292,5,0,5,0,99.78,COLLECTION_ERROR+DIRTY_BARS
APG,2016-01-04,2026-08-07,2642,3,2647,5,5,0,0,99.81,NO_TRADING+DIRTY_BARS
APH,2020-07-28,2026-08-07,1506,0,1506,0,0,0,0,100.00,FULL
API,2016-01-04,2026-08-07,2643,6,2647,4,0,4,0,99.85,COLLECTION_ERROR+DIRTY_BARS
APL,2016-10-14,2026-06-24,1695,121,2420,725,0,725,32,70.04,COLLECTION_ERROR+MISSING_TAIL+DIRTY_BARS
APP,2016-01-04,2026-08-07,2563,4,2647,84,0,84,0,96.83,COLLECTION_ERROR+DIRTY_BARS
APS,2016-01-04,2026-08-07,2647,0,2647,0,0,0,0,100.00,FULL
APT,2019-06-07,2026-07-10,1068,0,1773,705,0,705,20,60.24,COLLECTION_ERROR+MISSING_TAIL
ARM,2016-01-04,2026-03-16,712,0,2546,1834,1241,593,101,27.97,COLLECTION_ERROR+NO_TRADING+MISSING_TAIL
ART,2017-08-02,2024-06-12,1477,3,1715,238,4,234,538,86.12,COLLECTION_ERROR+NO_TRADING+MISSING_TAIL+DIRTY_BARS
ASG,2020-09-24,2026-08-07,1314,0,1465,151,0,151,0,89.69,COLLECTION_ERROR
ASM,2016-01-04,2026-08-07,2647,1,2647,0,0,0,0,100.00,DIRTY_BARS
ASP,2016-01-04,2026-08-07,2647,6,2647,0,0,0,0,100.00,DIRTY_BARS
AST,2018-01-04,2026-08-07,2139,1,2144,5,0,5,0,99.77,COLLECTION_ERROR+DIRTY_BARS
ATA,2016-01-04,2026-08-07,2018,3,2647,629,9,620,0,76.24,COLLECTION_ERROR+NO_TRADING+DIRTY_BARS
ATG,2016-08-22,2026-07-31,1869,3,2485,616,0,616,5,75.21,COLLECTION_ERROR+MISSING_TAIL+DIRTY_BARS
ATS,2016-03-29,2026-06-30,2080,1,2563,483,0,483,28,81.15,COLLECTION_ERROR+MISSING_TAIL+DIRTY_BARS
AVC,2018-01-08,2026-08-07,1990,10,2142,152,0,152,0,92.90,COLLECTION_ERROR+DIRTY_BARS
AVG,2024-08-09,2026-08-07,497,0,497,0,0,0,0,100.00,FULL
BAB,2021-03-03,2026-08-07,1356,0,1357,1,1,0,0,99.93,NO_TRADING
BAF,2021-12-03,2026-08-07,1165,0,1165,0,0,0,0,100.00,FULL
BAL,2018-01-12,2026-07-30,1591,1,2132,541,0,541,6,74.62,COLLECTION_ERROR+MISSING_TAIL+DIRTY_BARS
BAX,2017-03-24,2026-08-05,1580,0,2341,761,483,278,2,67.49,COLLECTION_ERROR+NO_TRADING+MISSING_TAIL
BBH,2020-09-04,2026-08-07,986,0,1479,493,0,493,0,66.67,COLLECTION_ERROR
BBM,2018-01-05,2026-07-28,1597,4,2135,538,0,538,8,74.80,COLLECTION_ERROR+MISSING_TAIL+DIRTY_BARS
BBS,2016-01-04,2026-08-07,1226,0,2647,1421,807,614,0,46.32,COLLECTION_ERROR+NO_TRADING
BBT,2018-06-12,2026-08-07,1886,3,2039,153,0,153,0,92.50,COLLECTION_ERROR+DIRTY_BARS
BCA,2021-09-16,2026-08-07,1221,0,1221,0,0,0,0,100.00,FULL
BCB,2018-10-29,2026-05-07,1090,705,1875,785,0,785,66,58.13,COLLECTION_ERROR+MISSING_TAIL+DIRTY_BARS
BCC,2016-01-04,2026-08-07,2647,0,2647,0,0,0,0,100.00,FULL
BCE,2016-01-04,2026-08-07,2647,7,2647,0,0,0,0,100.00,DIRTY_BARS
BCF,2020-03-18,2026-08-07,1073,0,1597,524,251,273,0,67.19,COLLECTION_ERROR+NO_TRADING
BCG,2016-01-04,2025-10-08,2440,1,2440,0,0,0,207,100.00,MISSING_TAIL+DIRTY_BARS
BCM,2018-02-21,2026-08-07,2115,0,2115,0,0,0,0,100.00,FULL
BCP,2016-01-04,2026-08-04,2050,0,2644,594,0,594,3,77.53,COLLECTION_ERROR+MISSING_TAIL
BCR,2023-12-08,2026-06-19,415,0,627,212,0,212,35,66.19,COLLECTION_ERROR+MISSING_TAIL
BCV,2021-12-03,2024-06-12,393,0,627,234,0,234,538,62.68,COLLECTION_ERROR+MISSING_TAIL
BDG,2016-04-06,2026-08-07,2467,137,2585,118,0,118,0,95.44,COLLECTION_ERROR+DIRTY_BARS
BDT,2017-09-06,2026-08-07,2209,1,2229,20,0,20,0,99.10,COLLECTION_ERROR+DIRTY_BARS
BDW,2016-01-04,2026-07-24,2178,295,2637,459,1,458,10,82.59,COLLECTION_ERROR+NO_TRADING+MISSING_TAIL+DIRTY_BARS
BED,2016-01-06,2026-02-06,387,0,2523,2136,1423,713,122,15.34,COLLECTION_ERROR+NO_TRADING+MISSING_TAIL
BEL,2016-07-12,2026-07-03,1821,148,2494,673,0,673,25,73.02,COLLECTION_ERROR+MISSING_TAIL+DIRTY_BARS
BFC,2016-01-04,2026-08-07,2647,2,2647,0,0,0,0,100.00,DIRTY_BARS
BGE,2024-07-31,2026-08-07,264,0,504,240,0,240,0,52.38,COLLECTION_ERROR
BGW,2017-10-31,2026-08-05,1477,1,2188,711,0,711,2,67.50,COLLECTION_ERROR+MISSING_TAIL+DIRTY_BARS
BHA,2017-08-02,2026-08-07,1851,1,2253,402,0,402,0,82.16,COLLECTION_ERROR+DIRTY_BARS
BHC,2016-01-04,2026-07-10,1890,0,2627,737,0,737,20,71.95,COLLECTION_ERROR+MISSING_TAIL
BHG,2018-10-30,2024-10-24,1087,156,1496,409,0,409,444,72.66,COLLECTION_ERROR+MISSING_TAIL+DIRTY_BARS
BHH,2025-06-06,2026-07-27,114,0,285,171,0,171,9,40.00,COLLECTION_ERROR+MISSING_TAIL
BHI,2023-08-23,2026-08-03,368,0,733,365,0,365,4,50.20,COLLECTION_ERROR+MISSING_TAIL
BHK,2018-04-05,2026-07-30,1345,1,2078,733,0,733,6,64.73,COLLECTION_ERROR+MISSING_TAIL+DIRTY_BARS
BHN,2016-10-28,2026-08-07,2372,1,2442,70,6,64,0,97.13,COLLECTION_ERROR+NO_TRADING+DIRTY_BARS
BHP,2016-01-04,2026-08-07,2245,212,2647,402,0,402,0,84.81,COLLECTION_ERROR+DIRTY_BARS
BIC,2016-01-04,2026-08-07,2647,17,2647,0,0,0,0,100.00,DIRTY_BARS
BID,2016-01-04,2026-08-07,2647,1,2647,0,0,0,0,100.00,DIRTY_BARS
BIG,2022-01-10,2026-08-07,1140,0,1140,0,0,0,0,100.00,FULL
BIO,2018-08-30,2026-08-04,1545,206,1979,434,0,434,3,78.07,COLLECTION_ERROR+MISSING_TAIL+DIRTY_BARS
BKC,2016-01-04,2026-08-07,2524,2,2647,123,0,123,0,95.35,COLLECTION_ERROR+DIRTY_BARS
BKG,2020-12-31,2026-08-07,1395,0,1395,0,0,0,0,100.00,FULL
BLF,2016-01-04,2026-08-04,2316,3,2644,328,0,328,3,87.59,COLLECTION_ERROR+MISSING_TAIL+DIRTY_BARS
BLI,2016-01-04,2026-08-07,2577,104,2647,70,1,69,0,97.36,COLLECTION_ERROR+NO_TRADING+DIRTY_BARS
BLN,2016-09-09,2026-06-23,1753,129,2444,691,0,691,33,71.73,COLLECTION_ERROR+MISSING_TAIL+DIRTY_BARS
BLT,2017-07-10,2026-08-07,2168,0,2270,102,0,102,0,95.51,COLLECTION_ERROR
BMC,2016-01-04,2026-08-07,2647,2,2647,0,0,0,0,100.00,DIRTY_BARS
BMD,2017-06-14,2026-07-02,1484,1,2262,778,0,778,26,65.61,COLLECTION_ERROR+MISSING_TAIL+DIRTY_BARS
BMF,2018-04-16,2026-08-07,1837,1,2077,240,0,240,0,88.44,COLLECTION_ERROR+DIRTY_BARS
BMG,2018-12-25,2026-06-05,1195,0,1855,660,0,660,45,64.42,COLLECTION_ERROR+MISSING_TAIL
BMI,2016-01-04,2026-08-07,2647,1,2647,0,0,0,0,100.00,DIRTY_BARS
BMJ,2016-01-04,2026-08-07,2274,228,2647,373,0,373,0,85.91,COLLECTION_ERROR+DIRTY_BARS
BMK,2024-12-26,2026-08-07,271,0,400,129,0,129,0,67.75,COLLECTION_ERROR
BMP,2016-01-04,2026-08-07,2647,1,2647,0,0,0,0,100.00,DIRTY_BARS
BMS,2018-08-08,2026-08-07,1998,2,1998,0,0,0,0,100.00,DIRTY_BARS
BMV,2017-06-06,2026-07-20,1604,0,2280,676,0,676,14,70.35,COLLECTION_ERROR+MISSING_TAIL
BNA,2020-10-12,2026-08-07,1410,0,1453,43,0,43,0,97.04,COLLECTION_ERROR
BNW,2018-12-28,2026-08-07,1151,27,1897,746,0,746,0,60.67,COLLECTION_ERROR+DIRTY_BARS
BOT,2019-02-14,2026-08-07,1624,3,1870,246,0,246,0,86.84,COLLECTION_ERROR+DIRTY_BARS
BPC,2016-01-05,2026-06-11,1382,0,2605,1223,737,486,41,53.05,COLLECTION_ERROR+NO_TRADING+MISSING_TAIL
BQB,2018-01-09,2026-08-07,1923,1,2141,218,0,218,0,89.82,COLLECTION_ERROR+DIRTY_BARS
BQP,2025-11-05,2026-08-07,153,0,188,35,0,35,0,81.38,COLLECTION_ERROR
BRC,2016-01-04,2026-08-06,2597,98,2646,49,0,49,1,98.15,COLLECTION_ERROR+MISSING_TAIL+DIRTY_BARS
BRR,2017-06-16,2026-08-06,2051,4,2285,234,0,234,1,89.76,COLLECTION_ERROR+MISSING_TAIL+DIRTY_BARS
BRS,2017-01-24,2026-08-07,2003,37,2381,378,0,378,0,84.12,COLLECTION_ERROR+DIRTY_BARS
BSA,2018-08-20,2026-08-05,1848,0,1988,140,0,140,2,92.96,COLLECTION_ERROR+MISSING_TAIL
BSD,2017-04-28,2026-08-07,1599,33,2319,720,0,720,0,68.95,COLLECTION_ERROR+DIRTY_BARS
BSG,2016-11-21,2026-07-24,2114,0,2416,302,0,302,10,87.50,COLLECTION_ERROR+MISSING_TAIL
BSH,2018-07-04,2026-07-27,1484,0,2014,530,0,530,9,73.68,COLLECTION_ERROR+MISSING_TAIL
BSI,2016-01-04,2026-08-07,2647,9,2647,0,0,0,0,100.00,DIRTY_BARS
BSL,2017-06-16,2026-08-07,1924,1,2286,362,0,362,0,84.16,COLLECTION_ERROR+DIRTY_BARS
BSP,2016-08-10,2026-07-27,2086,35,2489,403,0,403,9,83.81,COLLECTION_ERROR+MISSING_TAIL+DIRTY_BARS
BSQ,2017-02-28,2026-08-07,2057,0,2361,304,0,304,0,87.12,COLLECTION_ERROR
BSR,2018-03-01,2026-08-07,2100,0,2109,9,0,9,0,99.57,COLLECTION_ERROR
BT1,2016-11-09,2026-08-07,1867,74,2434,567,0,567,0,76.71,COLLECTION_ERROR+DIRTY_BARS
BT6,2017-03-06,2024-06-12,1583,0,1819,236,0,236,538,87.03,COLLECTION_ERROR+MISSING_TAIL
BTB,2017-01-12,2026-08-04,1921,0,2386,465,0,465,3,80.51,COLLECTION_ERROR+MISSING_TAIL
BTD,2017-03-02,2026-08-05,1938,5,2357,419,0,419,2,82.22,COLLECTION_ERROR+MISSING_TAIL+DIRTY_BARS
BTG,2016-01-04,2026-06-02,1960,0,2599,639,1,638,48,75.41,COLLECTION_ERROR+NO_TRADING+MISSING_TAIL
BTH,2017-09-27,2026-08-06,1957,1,2213,256,0,256,1,88.43,COLLECTION_ERROR+MISSING_TAIL+DIRTY_BARS
BTN,2018-01-05,2026-08-03,1969,1,2139,170,0,170,4,92.05,COLLECTION_ERROR+MISSING_TAIL+DIRTY_BARS
BTP,2016-01-04,2026-08-07,2644,3,2647,3,0,3,0,99.89,COLLECTION_ERROR+DIRTY_BARS
BTS,2016-01-05,2026-08-07,2193,0,2646,453,411,42,0,82.88,COLLECTION_ERROR+NO_TRADING
BTT,2016-01-04,2026-07-08,2088,130,2625,537,0,537,22,79.54,COLLECTION_ERROR+MISSING_TAIL+DIRTY_BARS
BTU,2016-03-11,2026-08-04,2148,252,2600,452,0,452,3,82.62,COLLECTION_ERROR+MISSING_TAIL+DIRTY_BARS
BTV,2017-03-03,2026-08-06,1782,1,2357,575,0,575,1,75.60,COLLECTION_ERROR+MISSING_TAIL+DIRTY_BARS
BTW,2017-11-14,2026-08-06,859,0,2179,1320,769,551,1,39.42,COLLECTION_ERROR+NO_TRADING+MISSING_TAIL
BVB,2020-07-09,2026-08-07,1511,0,1519,8,0,8,0,99.47,COLLECTION_ERROR
BVG,2016-01-04,2026-08-07,2189,3,2647,458,0,458,0,82.70,COLLECTION_ERROR+DIRTY_BARS
BVH,2016-01-04,2026-08-07,2647,1,2647,0,0,0,0,100.00,DIRTY_BARS
BVL,2021-06-11,2026-08-05,1134,0,1286,152,0,152,2,88.18,COLLECTION_ERROR+MISSING_TAIL
BVN,2016-01-04,2026-08-03,2249,0,2643,394,0,394,4,85.09,COLLECTION_ERROR+MISSING_TAIL
BVS,2016-01-04,2026-08-07,2645,0,2647,2,2,0,0,99.92,NO_TRADING
BWA,2016-01-04,2026-08-07,1934,247,2647,713,0,713,0,73.06,COLLECTION_ERROR+DIRTY_BARS
BWE,2017-07-20,2026-08-07,2262,1,2262,0,0,0,0,100.00,DIRTY_BARS
BWS,2017-11-28,2026-08-07,2071,3,2170,99,0,99,0,95.44,COLLECTION_ERROR+DIRTY_BARS
BXH,2016-01-07,2026-08-07,641,0,2644,2003,1375,628,0,24.24,COLLECTION_ERROR+NO_TRADING
C21,2016-11-01,2026-06-05,1927,44,2395,468,0,468,45,80.46,COLLECTION_ERROR+MISSING_TAIL+DIRTY_BARS
C22,2018-05-24,2026-08-07,1347,0,2052,705,0,705,0,65.64,COLLECTION_ERROR
C32,2016-01-04,2026-08-07,2627,1,2647,20,0,20,0,99.24,COLLECTION_ERROR+DIRTY_BARS
C47,2016-01-04,2026-08-07,2646,6,2647,1,0,1,0,99.96,COLLECTION_ERROR+DIRTY_BARS
C4G,2018-12-10,2026-08-07,1911,0,1911,0,0,0,0,100.00,FULL
C69,2017-04-21,2026-08-07,2324,0,2324,0,0,0,0,100.00,FULL
C92,2016-01-04,2026-08-07,2487,3,2647,160,0,160,0,93.96,COLLECTION_ERROR+DIRTY_BARS
CAD,2016-01-04,2026-08-07,2027,3,2647,620,0,620,0,76.58,COLLECTION_ERROR+DIRTY_BARS
CAG,2017-12-18,2026-08-06,1367,0,2155,788,655,133,1,63.43,COLLECTION_ERROR+NO_TRADING+MISSING_TAIL
CAN,2016-01-06,2026-07-20,1116,0,2631,1515,997,518,14,42.42,COLLECTION_ERROR+NO_TRADING+MISSING_TAIL
CAP,2016-01-04,2026-08-18,2631,0,2647,23,23,0,0,99.40,NO_TRADING
CAR,2022-07-13,2026-08-07,619,0,1016,397,0,397,0,60.93,COLLECTION_ERROR
CAT,2018-03-23,2026-08-07,2042,2,2093,51,0,51,0,97.56,COLLECTION_ERROR+DIRTY_BARS
CBI,2017-09-28,2026-08-06,1861,1,2212,351,0,351,1,84.13,COLLECTION_ERROR+MISSING_TAIL+DIRTY_BARS
CBS,2017-06-20,2026-08-07,2228,1,2284,56,0,56,0,97.55,COLLECTION_ERROR+DIRTY_BARS
CC1,2017-07-20,2026-08-05,2178,22,2260,82,0,82,2,96.37,COLLECTION_ERROR+MISSING_TAIL+DIRTY_BARS
CCA,2019-12-26,2026-08-07,1190,0,1650,460,0,460,0,72.12,COLLECTION_ERROR
CCC,2024-07-30,2026-08-07,312,0,505,193,0,193,0,61.78,COLLECTION_ERROR
CCI,2016-01-04,2026-08-05,2430,102,2645,215,0,215,2,91.87,COLLECTION_ERROR+MISSING_TAIL+DIRTY_BARS
CCL,2016-01-04,2026-08-07,2647,1,2647,0,0,0,0,100.00,DIRTY_BARS
CCM,2016-01-04,2026-07-20,2097,300,2633,536,5,531,14,79.64,COLLECTION_ERROR+NO_TRADING+MISSING_TAIL+DIRTY_BARS
CCP,2017-03-16,2026-08-07,1625,0,2349,724,0,724,0,69.18,COLLECTION_ERROR
CCR,2021-11-19,2026-08-07,970,0,1175,205,20,185,0,82.55,COLLECTION_ERROR+NO_TRADING
CCS,2026-01-23,2026-08-07,125,0,133,8,0,8,0,93.98,COLLECTION_ERROR
CCT,2017-06-30,2026-04-29,1676,0,2206,530,0,530,70,75.97,COLLECTION_ERROR+MISSING_TAIL
CCV,2017-01-09,2026-06-22,1604,45,2358,754,0,754,34,68.02,COLLECTION_ERROR+MISSING_TAIL+DIRTY_BARS
CDC,2016-01-04,2026-08-07,2647,8,2647,0,0,0,0,100.00,DIRTY_BARS
CDG,2017-02-27,2025-05-13,1566,20,2051,485,1,484,311,76.35,COLLECTION_ERROR+NO_TRADING+MISSING_TAIL+DIRTY_BARS
CDN,2016-11-30,2026-08-07,2166,0,2419,253,199,54,0,89.54,COLLECTION_ERROR+NO_TRADING
CDO,2016-01-04,2026-08-07,1988,3,2647,659,41,618,0,75.10,COLLECTION_ERROR+NO_TRADING+DIRTY_BARS
CDP,2018-07-13,2026-08-05,1867,1,2014,147,0,147,2,92.70,COLLECTION_ERROR+MISSING_TAIL+DIRTY_BARS
CDR,2017-06-26,2026-08-07,2027,177,2280,253,0,253,0,88.90,COLLECTION_ERROR+DIRTY_BARS
CEN,2018-06-15,2026-08-07,1580,0,2036,456,0,456,0,77.60,COLLECTION_ERROR
CEO,2016-01-04,2026-08-07,2647,0,2647,0,0,0,0,100.00,FULL
CET,2017-07-28,2026-08-07,2052,2,2256,204,0,204,0,90.96,COLLECTION_ERROR+DIRTY_BARS
CFM,2021-01-25,2026-07-27,871,0,1370,499,0,499,9,63.58,COLLECTION_ERROR+MISSING_TAIL
CFV,2019-06-03,2026-07-13,1276,506,1778,502,1,501,19,71.77,COLLECTION_ERROR+NO_TRADING+MISSING_TAIL+DIRTY_BARS
CGV,2017-06-21,2026-08-06,2130,0,2282,152,0,152,1,93.34,COLLECTION_ERROR+MISSING_TAIL
CH5,2017-06-14,2026-08-06,1534,2,2287,753,0,753,1,67.07,COLLECTION_ERROR+MISSING_TAIL+DIRTY_BARS
CHC,2017-02-16,2026-07-09,1664,25,2348,684,0,684,21,70.87,COLLECTION_ERROR+MISSING_TAIL+DIRTY_BARS
CHP,2016-01-04,2026-08-07,2643,6,2647,4,4,0,0,99.85,NO_TRADING+DIRTY_BARS
CHS,2017-01-12,2026-08-07,2077,15,2389,312,0,312,0,86.94,COLLECTION_ERROR+DIRTY_BARS
CI5,2016-01-04,2026-07-14,2276,2,2629,353,0,353,18,86.57,COLLECTION_ERROR+MISSING_TAIL+DIRTY_BARS
CIA,2017-11-29,2026-08-07,2124,0,2169,45,0,45,0,97.93,COLLECTION_ERROR
CID,2016-01-04,2026-08-03,2350,257,2643,293,5,288,4,88.91,COLLECTION_ERROR+NO_TRADING+MISSING_TAIL+DIRTY_BARS
CIG,2016-01-04,2026-08-07,2647,8,2647,0,0,0,0,100.00,DIRTY_BARS
CII,2016-01-04,2026-08-07,2647,1,2647,0,0,0,0,100.00,DIRTY_BARS
CIP,2017-09-27,2026-08-07,1890,143,2214,324,0,324,0,85.37,COLLECTION_ERROR+DIRTY_BARS
CJC,2016-01-04,2026-07-10,1822,1,2627,805,0,805,20,69.36,COLLECTION_ERROR+MISSING_TAIL+DIRTY_BARS
CK8,2023-04-07,2026-06-05,63,0,787,724,0,724,45,8.01,COLLECTION_ERROR+MISSING_TAIL
CKA,2018-10-17,2026-08-07,1763,0,1949,186,0,186,0,90.46,COLLECTION_ERROR
CKD,2016-01-04,2026-08-07,2447,210,2647,200,0,200,0,92.44,COLLECTION_ERROR+DIRTY_BARS
CKG,2020-03-25,2026-08-07,1592,0,1592,0,0,0,0,100.00,FULL
CKV,2016-04-19,2026-08-05,823,0,2575,1752,1134,618,2,31.96,COLLECTION_ERROR+NO_TRADING+MISSING_TAIL
CLC,2016-01-04,2026-08-07,2569,6,2647,78,0,78,0,97.05,COLLECTION_ERROR+DIRTY_BARS
CLH,2016-06-07,2026-08-07,1964,0,2544,580,507,73,0,77.20,COLLECTION_ERROR+NO_TRADING
CLI,2026-05-06,2026-08-07,68,0,68,0,0,0,0,100.00,FULL
CLL,2016-01-04,2026-08-07,2643,23,2647,4,0,4,0,99.85,COLLECTION_ERROR+DIRTY_BARS
CLM,2016-04-15,2026-08-07,928,0,2578,1650,1257,393,0,36.00,COLLECTION_ERROR+NO_TRADING
CLW,2016-01-04,2026-08-05,2138,135,2645,507,0,507,2,80.83,COLLECTION_ERROR+MISSING_TAIL+DIRTY_BARS
CLX,2017-03-01,2026-08-07,2358,15,2360,2,0,2,0,99.92,COLLECTION_ERROR+DIRTY_BARS
CMC,2016-01-04,2026-07-29,2360,1,2640,280,0,280,7,89.39,COLLECTION_ERROR+MISSING_TAIL+DIRTY_BARS
CMD,2019-07-05,2026-08-07,1683,0,1773,90,0,90,0,94.92,COLLECTION_ERROR
CMF,2016-11-30,2026-08-06,1918,71,2418,500,0,500,1,79.32,COLLECTION_ERROR+MISSING_TAIL+DIRTY_BARS
CMG,2016-01-04,2026-08-07,2647,13,2647,0,0,0,0,100.00,DIRTY_BARS
CMI,2016-01-04,2026-08-07,1996,3,2647,651,6,645,0,75.41,COLLECTION_ERROR+NO_TRADING+DIRTY_BARS
CMK,2016-01-04,2024-06-12,1788,923,2109,321,1,320,538,84.78,COLLECTION_ERROR+NO_TRADING+MISSING_TAIL+DIRTY_BARS
CMM,2022-11-08,2026-07-27,774,0,925,151,0,151,9,83.68,COLLECTION_ERROR+MISSING_TAIL
CMN,2017-07-10,2026-08-07,1778,7,2270,492,0,492,0,78.33,COLLECTION_ERROR+DIRTY_BARS
CMP,2016-02-15,2024-06-12,1764,982,2084,320,0,320,538,84.64,COLLECTION_ERROR+MISSING_TAIL+DIRTY_BARS
CMS,2016-01-04,2026-08-07,2641,1,2647,6,0,6,0,99.77,COLLECTION_ERROR+DIRTY_BARS
CMT,2016-01-04,2026-08-04,2551,3,2644,93,4,89,3,96.48,COLLECTION_ERROR+NO_TRADING+MISSING_TAIL+DIRTY_BARS
CMV,2016-01-04,2026-08-04,2355,202,2644,289,0,289,3,89.07,COLLECTION_ERROR+MISSING_TAIL+DIRTY_BARS
CMW,2017-04-10,2026-07-23,1716,0,2322,606,0,606,11,73.90,COLLECTION_ERROR+MISSING_TAIL
CMX,2016-01-04,2026-08-07,2647,9,2647,0,0,0,0,100.00,DIRTY_BARS
CNA,2024-06-03,2024-06-12,8,0,8,0,0,0,538,100.00,MISSING_TAIL
CNC,2016-01-04,2026-08-07,2514,149,2647,133,0,133,0,94.98,COLLECTION_ERROR+DIRTY_BARS
CNG,2016-01-04,2026-08-07,2647,6,2647,0,0,0,0,100.00,DIRTY_BARS
CNN,2016-06-01,2026-08-04,2031,178,2545,514,0,514,3,79.80,COLLECTION_ERROR+MISSING_TAIL+DIRTY_BARS
CNT,2016-01-04,2026-08-06,2586,3,2646,60,0,60,1,97.73,COLLECTION_ERROR+MISSING_TAIL+DIRTY_BARS
COM,2016-01-04,2026-07-28,2270,123,2639,369,0,369,8,86.02,COLLECTION_ERROR+MISSING_TAIL+DIRTY_BARS
CPA,2021-01-15,2026-05-14,836,0,1324,488,0,488,61,63.14,COLLECTION_ERROR+MISSING_TAIL
CPC,2016-01-05,2026-08-07,1874,0,2646,772,528,244,0,70.82,COLLECTION_ERROR+NO_TRADING
CPH,2017-02-08,2024-06-12,1517,735,1837,320,0,320,538,82.58,COLLECTION_ERROR+MISSING_TAIL+DIRTY_BARS
CPI,2017-07-28,2026-07-03,1613,4,2231,618,0,618,25,72.30,COLLECTION_ERROR+MISSING_TAIL+DIRTY_BARS
CQN,2020-08-19,2026-08-07,1401,0,1490,89,0,89,0,94.03,COLLECTION_ERROR
CQT,2016-11-01,2026-08-06,1958,3,2439,481,0,481,1,80.28,COLLECTION_ERROR+MISSING_TAIL+DIRTY_BARS
CRC,2018-08-20,2026-08-07,1990,0,1990,0,0,0,0,100.00,FULL
CRE,2018-09-05,2026-08-07,1979,0,1979,0,0,0,0,100.00,FULL
CRV,2025-10-10,2026-08-07,150,0,206,56,0,56,0,72.82,COLLECTION_ERROR
CSC,2016-01-05,2026-08-07,2599,0,2646,47,46,1,0,98.22,COLLECTION_ERROR+NO_TRADING
CSI,2019-03-15,2026-08-07,1787,2,1849,62,0,62,0,96.65,COLLECTION_ERROR+DIRTY_BARS
CSM,2016-01-04,2026-08-07,2645,1,2647,2,0,2,0,99.92,COLLECTION_ERROR+DIRTY_BARS
CST,2021-04-26,2026-08-07,1313,0,1320,7,0,7,0,99.47,COLLECTION_ERROR
CSV,2016-01-04,2026-08-07,2647,7,2647,0,0,0,0,100.00,DIRTY_BARS
CT3,2016-01-04,2026-08-07,1945,246,2647,702,0,702,0,73.48,COLLECTION_ERROR+DIRTY_BARS
CT6,2016-01-04,2026-07-06,2144,2,2623,479,0,479,24,81.74,COLLECTION_ERROR+MISSING_TAIL+DIRTY_BARS
CTB,2016-01-25,2026-08-06,1489,0,2631,1142,798,344,1,56.59,COLLECTION_ERROR+NO_TRADING+MISSING_TAIL
CTC,2016-01-04,2024-06-12,1998,1,2109,111,0,111,538,94.74,COLLECTION_ERROR+MISSING_TAIL+DIRTY_BARS
CTD,2016-01-04,2026-08-07,2647,1,2647,0,0,0,0,100.00,DIRTY_BARS
CTF,2017-05-30,2026-08-07,2299,2,2299,0,0,0,0,100.00,DIRTY_BARS
CTG,2016-01-04,2026-08-07,2647,1,2647,0,0,0,0,100.00,DIRTY_BARS
CTI,2016-01-04,2026-08-07,2647,1,2647,0,0,0,0,100.00,DIRTY_BARS
CTP,2016-07-28,2026-08-07,2506,3,2507,1,0,1,0,99.96,COLLECTION_ERROR+DIRTY_BARS
CTR,2017-10-31,2026-08-07,2189,1,2190,1,0,1,0,99.95,COLLECTION_ERROR+DIRTY_BARS
CTS,2016-01-04,2026-08-07,2644,1,2647,3,3,0,0,99.89,NO_TRADING+DIRTY_BARS
CTT,2016-01-04,2026-08-07,823,0,2647,1824,1209,615,0,31.09,COLLECTION_ERROR+NO_TRADING
CTW,2016-09-30,2026-08-05,1995,112,2460,465,0,465,2,81.10,COLLECTION_ERROR+MISSING_TAIL+DIRTY_BARS
CTX,2016-01-04,2026-08-07,2204,4,2647,443,0,443,0,83.26,COLLECTION_ERROR+DIRTY_BARS
CVN,2016-01-04,2026-08-07,2199,31,2647,448,0,448,0,83.08,COLLECTION_ERROR+DIRTY_BARS
CVT,2016-01-04,2026-08-06,2329,1,2646,317,4,313,1,88.02,COLLECTION_ERROR+NO_TRADING+MISSING_TAIL+DIRTY_BARS
CX8,2016-01-04,2026-07-29,2166,115,2640,474,0,474,7,82.05,COLLECTION_ERROR+MISSING_TAIL+DIRTY_BARS
D11,2016-01-04,2026-08-06,2488,258,2646,158,1,157,1,94.03,COLLECTION_ERROR+NO_TRADING+MISSING_TAIL+DIRTY_BARS
D2D,2016-01-04,2026-08-07,2647,16,2647,0,0,0,0,100.00,DIRTY_BARS
DAC,2016-01-04,2025-10-03,1839,1,2437,598,5,593,210,75.46,COLLECTION_ERROR+NO_TRADING+MISSING_TAIL+DIRTY_BARS
DAD,2016-01-06,2026-08-04,1758,0,2642,884,654,230,3,66.54,COLLECTION_ERROR+NO_TRADING+MISSING_TAIL
DAE,2016-01-04,2026-08-07,2139,153,2647,508,0,508,0,80.81,COLLECTION_ERROR+DIRTY_BARS
DAG,2016-01-04,2024-08-14,2154,1,2154,0,0,0,493,100.00,MISSING_TAIL+DIRTY_BARS
DAH,2016-10-10,2026-08-07,2456,3,2456,0,0,0,0,100.00,DIRTY_BARS
DAN,2021-12-30,2026-07-28,606,0,1138,532,0,532,8,53.25,COLLECTION_ERROR+MISSING_TAIL
DAS,2016-01-04,2026-08-06,2036,302,2646,610,0,610,1,76.95,COLLECTION_ERROR+MISSING_TAIL+DIRTY_BARS
DAT,2016-01-04,2026-08-07,2517,197,2647,130,0,130,0,95.09,COLLECTION_ERROR+DIRTY_BARS
DBC,2016-01-04,2026-08-07,2647,0,2647,0,0,0,0,100.00,FULL
DBD,2017-01-16,2026-08-07,2380,2,2387,7,5,2,0,99.71,COLLECTION_ERROR+NO_TRADING+DIRTY_BARS
DBM,2016-01-04,2026-08-07,2174,254,2647,473,0,473,0,82.13,COLLECTION_ERROR+DIRTY_BARS
DBT,2016-01-04,2026-08-07,2604,30,2647,43,0,43,0,98.38,COLLECTION_ERROR+DIRTY_BARS
DC1,2016-07-19,2026-08-07,2240,167,2514,274,0,274,0,89.10,COLLECTION_ERROR+DIRTY_BARS
DC2,2016-01-05,2026-08-07,1625,0,2646,1021,694,327,0,61.41,COLLECTION_ERROR+NO_TRADING
DC4,2016-01-04,2026-08-07,2647,170,2647,0,0,0,0,100.00,DIRTY_BARS
DCF,2017-01-12,2026-07-30,1783,3,2383,600,0,600,6,74.82,COLLECTION_ERROR+MISSING_TAIL+DIRTY_BARS
DCG,2018-12-14,2026-08-03,1146,128,1903,757,0,757,4,60.22,COLLECTION_ERROR+MISSING_TAIL+DIRTY_BARS
DCH,2018-04-23,2026-03-27,1231,4,1980,749,0,749,92,62.17,COLLECTION_ERROR+MISSING_TAIL+DIRTY_BARS
DCL,2016-01-04,2026-08-07,2647,3,2647,0,0,0,0,100.00,DIRTY_BARS
DCM,2016-01-04,2026-08-07,2647,1,2647,0,0,0,0,100.00,DIRTY_BARS
DCR,2018-10-08,2026-08-06,1432,2,1955,523,0,523,1,73.25,COLLECTION_ERROR+MISSING_TAIL+DIRTY_BARS
DCS,2016-01-04,2026-08-07,2024,3,2647,623,5,618,0,76.46,COLLECTION_ERROR+NO_TRADING+DIRTY_BARS
DCT,2016-04-07,2026-08-07,1964,3,2584,620,0,620,0,76.01,COLLECTION_ERROR+DIRTY_BARS
DCV,2026-01-19,2026-08-07,97,0,137,40,0,40,0,70.80,COLLECTION_ERROR
DDB,2025-01-15,2026-08-07,366,0,387,21,0,21,0,94.57,COLLECTION_ERROR
DDG,2018-12-18,2026-08-07,1770,0,1905,135,0,135,0,92.91,COLLECTION_ERROR
DDH,2016-06-30,2026-07-07,1696,206,2504,808,0,808,23,67.73,COLLECTION_ERROR+MISSING_TAIL+DIRTY_BARS
DDM,2016-01-04,2026-08-07,1980,0,2647,667,0,667,0,74.80,COLLECTION_ERROR
DDN,2016-01-04,2026-08-03,2580,134,2643,63,0,63,4,97.62,COLLECTION_ERROR+MISSING_TAIL+DIRTY_BARS
DDV,2016-01-04,2026-08-07,2645,32,2647,2,0,2,0,99.92,COLLECTION_ERROR+DIRTY_BARS
DFC,2017-01-12,2026-08-05,2092,45,2387,295,0,295,2,87.64,COLLECTION_ERROR+MISSING_TAIL+DIRTY_BARS
DFF,2021-07-08,2026-08-07,1025,0,1269,244,0,244,0,80.77,COLLECTION_ERROR
DGC,2016-01-04,2026-08-07,2647,0,2647,0,0,0,0,100.00,FULL
DGT,2016-01-04,2026-08-07,2614,3,2647,33,0,33,0,98.75,COLLECTION_ERROR+DIRTY_BARS
DGW,2016-01-04,2026-08-07,2647,5,2647,0,0,0,0,100.00,DIRTY_BARS
DHA,2016-01-04,2026-08-07,2647,2,2647,0,0,0,0,100.00,DIRTY_BARS
DHB,2017-07-26,2026-08-07,2009,215,2258,249,0,249,0,88.97,COLLECTION_ERROR+DIRTY_BARS
DHC,2016-01-04,2026-08-07,2647,1,2647,0,0,0,0,100.00,DIRTY_BARS
DHD,2017-05-05,2026-08-07,2026,0,2316,290,0,290,0,87.48,COLLECTION_ERROR
DHG,2016-01-04,2026-08-07,2647,1,2647,0,0,0,0,100.00,DIRTY_BARS
DHM,2016-01-04,2026-08-07,2646,8,2647,1,0,1,0,99.96,COLLECTION_ERROR+DIRTY_BARS
DHN,2018-04-20,2026-07-30,1537,3,2067,530,0,530,6,74.36,COLLECTION_ERROR+MISSING_TAIL+DIRTY_BARS
DHP,2016-01-04,2026-08-05,1493,0,2645,1152,717,435,2,56.45,COLLECTION_ERROR+NO_TRADING+MISSING_TAIL
DHT,2016-01-04,2026-08-07,2623,0,2647,24,24,0,0,99.09,NO_TRADING
DIC,2016-01-04,2026-08-07,2031,3,2647,616,0,616,0,76.73,COLLECTION_ERROR+DIRTY_BARS
DID,2016-01-04,2026-08-07,2544,238,2647,103,0,103,0,96.11,COLLECTION_ERROR+DIRTY_BARS
DIG,2016-01-04,2026-08-07,2647,1,2647,0,0,0,0,100.00,DIRTY_BARS
DIH,2016-01-04,2026-08-07,1986,0,2647,661,571,90,0,75.03,COLLECTION_ERROR+NO_TRADING
DKC,2020-12-03,2025-05-22,646,0,1111,465,0,465,304,58.15,COLLECTION_ERROR+MISSING_TAIL
DKG,2025-04-22,2026-07-30,95,0,318,223,0,223,6,29.87,COLLECTION_ERROR+MISSING_TAIL
DL1,2016-01-04,2026-08-07,2607,1,2647,40,0,40,0,98.49,COLLECTION_ERROR+DIRTY_BARS
DLD,2016-01-04,2026-01-08,1832,0,2504,672,0,672,143,73.16,COLLECTION_ERROR+MISSING_TAIL
DLG,2016-01-04,2026-08-07,2647,3,2647,0,0,0,0,100.00,DIRTY_BARS
DLR,2016-01-04,2026-08-07,1871,1,2647,776,5,771,0,70.68,COLLECTION_ERROR+NO_TRADING+DIRTY_BARS
DLT,2016-01-04,2025-08-04,1876,293,2395,519,0,519,252,78.33,COLLECTION_ERROR+MISSING_TAIL+DIRTY_BARS
DM7,2018-10-15,2026-06-24,1230,1,1919,689,0,689,32,64.10,COLLECTION_ERROR+MISSING_TAIL+DIRTY_BARS
DMC,2016-01-04,2026-08-04,2558,1,2644,86,0,86,3,96.75,COLLECTION_ERROR+MISSING_TAIL+DIRTY_BARS
DMN,2021-12-08,2026-08-06,852,0,1161,309,0,309,1,73.39,COLLECTION_ERROR+MISSING_TAIL
DMX,2026-08-06,2026-08-07,2,0,2,0,0,0,0,100.00,FULL
DNA,2017-10-19,2026-08-06,1657,0,2197,540,0,540,1,75.42,COLLECTION_ERROR+MISSING_TAIL
DNC,2016-03-02,2026-07-31,763,0,2605,1842,1306,536,5,29.29,COLLECTION_ERROR+NO_TRADING+MISSING_TAIL
DND,2016-11-09,2026-08-07,1866,26,2434,568,0,568,0,76.66,COLLECTION_ERROR+DIRTY_BARS
DNE,2017-04-05,2026-08-07,1938,0,2335,397,0,397,0,83.00,COLLECTION_ERROR
DNH,2017-06-19,2026-08-07,1694,4,2285,591,0,591,0,74.14,COLLECTION_ERROR+DIRTY_BARS
DNL,2016-01-04,2026-07-17,1994,192,2632,638,0,638,15,75.76,COLLECTION_ERROR+MISSING_TAIL+DIRTY_BARS
DNM,2016-01-04,2026-08-06,2082,158,2646,564,0,564,1,78.68,COLLECTION_ERROR+MISSING_TAIL+DIRTY_BARS
DNN,2017-07-17,2026-07-06,1435,648,2241,806,0,806,24,64.03,COLLECTION_ERROR+MISSING_TAIL+DIRTY_BARS
DNP,2016-01-04,2026-08-06,2461,0,2646,185,0,185,1,93.01,COLLECTION_ERROR+MISSING_TAIL
DNT,2019-07-11,2026-01-08,1057,3,1626,569,0,569,143,65.01,COLLECTION_ERROR+MISSING_TAIL+DIRTY_BARS
DNW,2016-03-16,2026-08-05,2439,155,2598,159,0,159,2,93.88,COLLECTION_ERROR+MISSING_TAIL+DIRTY_BARS
DOC,2016-12-19,2026-02-04,1786,56,2282,496,0,496,124,78.26,COLLECTION_ERROR+MISSING_TAIL+DIRTY_BARS
DOP,2016-01-04,2026-08-04,2004,307,2644,640,0,640,3,75.79,COLLECTION_ERROR+MISSING_TAIL+DIRTY_BARS
DP1,2018-06-12,2026-08-07,1977,2,2039,62,0,62,0,96.96,COLLECTION_ERROR+DIRTY_BARS
DP2,2017-05-19,2026-07-03,1577,0,2281,704,0,704,25,69.14,COLLECTION_ERROR+MISSING_TAIL
DP3,2016-01-04,2026-08-07,2472,0,2647,175,154,21,0,93.39,COLLECTION_ERROR+NO_TRADING
DPC,2016-01-04,2026-08-07,1111,0,2647,1536,972,564,0,41.97,COLLECTION_ERROR+NO_TRADING
DPG,2017-01-12,2026-08-07,2384,1,2389,5,4,1,0,99.79,COLLECTION_ERROR+NO_TRADING+DIRTY_BARS
DPH,2017-01-20,2026-08-06,1834,50,2382,548,0,548,1,76.99,COLLECTION_ERROR+MISSING_TAIL+DIRTY_BARS
DPM,2016-01-04,2026-08-07,2647,1,2647,0,0,0,0,100.00,DIRTY_BARS
DPP,2016-01-04,2025-09-03,1954,264,2415,461,0,461,232,80.91,COLLECTION_ERROR+MISSING_TAIL+DIRTY_BARS
DPR,2016-01-04,2026-08-07,2647,7,2647,0,0,0,0,100.00,DIRTY_BARS
DQC,2016-01-04,2026-08-07,2644,1,2647,3,0,3,0,99.89,COLLECTION_ERROR+DIRTY_BARS
DRC,2016-01-04,2026-08-07,2647,1,2647,0,0,0,0,100.00,DIRTY_BARS
DRG,2019-12-11,2026-08-07,1525,3,1661,136,0,136,0,91.81,COLLECTION_ERROR+DIRTY_BARS
DRH,2016-01-04,2026-08-07,2506,1,2647,141,0,141,0,94.67,COLLECTION_ERROR+DIRTY_BARS
DRI,2017-05-23,2026-08-07,2303,0,2304,1,0,1,0,99.96,COLLECTION_ERROR
DRL,2016-01-04,2026-08-07,2632,117,2647,15,0,15,0,99.43,COLLECTION_ERROR+DIRTY_BARS
DS3,2017-08-21,2026-08-07,2120,0,2240,120,0,120,0,94.64,COLLECTION_ERROR
DSC,2018-01-05,2026-08-07,2134,2,2143,9,0,9,0,99.58,COLLECTION_ERROR+DIRTY_BARS
DSD,2022-05-17,2026-06-22,350,0,1023,673,0,673,34,34.21,COLLECTION_ERROR+MISSING_TAIL
DSE,2024-07-01,2026-08-07,526,0,526,0,0,0,0,100.00,FULL
DSG,2017-08-11,2026-08-07,1631,54,2246,615,0,615,0,72.62,COLLECTION_ERROR+DIRTY_BARS
DSH,2025-04-22,2026-08-07,298,0,324,26,0,26,0,91.98,COLLECTION_ERROR
DSN,2016-01-04,2026-08-07,2647,1,2647,0,0,0,0,100.00,DIRTY_BARS
DSP,2018-10-17,2026-07-30,1485,0,1943,458,0,458,6,76.43,COLLECTION_ERROR+MISSING_TAIL
DST,2016-01-04,2026-08-07,2647,3,2647,0,0,0,0,100.00,DIRTY_BARS
DTA,2016-01-04,2026-08-07,2632,5,2647,15,1,14,0,99.43,COLLECTION_ERROR+NO_TRADING+DIRTY_BARS
DTC,2021-11-16,2026-07-31,909,0,1173,264,22,242,5,77.49,COLLECTION_ERROR+NO_TRADING+MISSING_TAIL
DTD,2017-11-16,2026-08-07,2154,0,2178,24,24,0,0,98.90,NO_TRADING
DTG,2017-02-28,2026-08-07,2190,18,2361,171,0,171,0,92.76,COLLECTION_ERROR+DIRTY_BARS
DTH,2022-04-21,2026-07-27,325,0,1064,739,0,739,9,30.55,COLLECTION_ERROR+MISSING_TAIL
DTI,2018-01-05,2026-08-07,2098,5,2143,45,0,45,0,97.90,COLLECTION_ERROR+DIRTY_BARS
DTK,2020-12-25,2026-08-07,1177,0,1399,222,116,106,0,84.13,COLLECTION_ERROR+NO_TRADING
DTL,2016-01-04,2026-08-05,2551,9,2645,94,0,94,2,96.45,COLLECTION_ERROR+MISSING_TAIL+DIRTY_BARS
DTP,2020-07-09,2026-08-07,1301,0,1519,218,0,218,0,85.65,COLLECTION_ERROR
DTT,2016-01-04,2026-08-06,2096,112,2646,550,0,550,1,79.21,COLLECTION_ERROR+MISSING_TAIL+DIRTY_BARS
DUS,2020-12-15,2026-07-30,646,0,1401,755,0,755,6,46.11,COLLECTION_ERROR+MISSING_TAIL
DVC,2016-01-04,2026-07-22,2127,267,2635,508,0,508,12,80.72,COLLECTION_ERROR+MISSING_TAIL+DIRTY_BARS
DVG,2021-01-14,2026-08-07,949,0,1386,437,0,437,0,68.47,COLLECTION_ERROR
DVM,2022-07-19,2026-08-07,1012,0,1012,0,0,0,0,100.00,FULL
DVN,2017-05-19,2026-08-07,2305,0,2306,1,0,1,0,99.96,COLLECTION_ERROR
DVP,2016-01-04,2026-08-07,2647,9,2647,0,0,0,0,100.00,DIRTY_BARS
DVT,2025-07-18,2026-03-18,53,0,165,112,0,112,99,32.12,COLLECTION_ERROR+MISSING_TAIL
DVW,2018-06-06,2026-08-06,1206,2,2042,836,0,836,1,59.06,COLLECTION_ERROR+MISSING_TAIL+DIRTY_BARS
DWC,2021-12-27,2026-05-05,573,0,1081,508,0,508,68,53.01,COLLECTION_ERROR+MISSING_TAIL
DWS,2019-01-24,2026-08-04,1318,0,1877,559,0,559,3,70.22,COLLECTION_ERROR+MISSING_TAIL
DXG,2016-01-04,2026-08-07,2647,1,2647,0,0,0,0,100.00,DIRTY_BARS
DXL,2016-01-04,2026-06-23,1955,298,2614,659,0,659,33,74.79,COLLECTION_ERROR+MISSING_TAIL+DIRTY_BARS
DXP,2016-01-04,2026-08-07,2585,0,2647,62,55,7,0,97.66,COLLECTION_ERROR+NO_TRADING
DXS,2021-07-15,2026-08-07,1264,0,1264,0,0,0,0,100.00,FULL
DXV,2016-01-04,2026-08-04,2609,9,2644,35,0,35,3,98.68,COLLECTION_ERROR+MISSING_TAIL+DIRTY_BARS
E12,2020-06-12,2026-08-07,1205,0,1538,333,0,333,0,78.35,COLLECTION_ERROR
E1VFVN30,2016-01-04,2026-08-07,2647,3,2647,0,0,0,0,100.00,DIRTY_BARS
E29,2019-11-05,2026-08-03,1233,0,1683,450,0,450,4,73.26,COLLECTION_ERROR+MISSING_TAIL
EBS,2016-01-04,2026-08-07,1728,0,2647,919,603,316,0,65.28,COLLECTION_ERROR+NO_TRADING
ECI,2016-01-04,2026-06-26,1906,268,2617,711,0,711,30,72.83,COLLECTION_ERROR+MISSING_TAIL+DIRTY_BARS
ECO,2024-10-08,2026-08-03,437,0,453,16,0,16,4,96.47,COLLECTION_ERROR+MISSING_TAIL
EFI,2016-01-04,2026-08-05,2183,1,2645,462,5,457,2,82.53,COLLECTION_ERROR+NO_TRADING+MISSING_TAIL+DIRTY_BARS
EIB,2016-01-04,2026-08-07,2647,1,2647,0,0,0,0,100.00,DIRTY_BARS
EIC,2017-02-28,2026-08-07,2135,10,2361,226,0,226,0,90.43,COLLECTION_ERROR+DIRTY_BARS
EID,2016-01-05,2026-08-07,2385,0,2646,261,234,27,0,90.14,COLLECTION_ERROR+NO_TRADING
EIN,2017-03-16,2026-08-07,2340,3,2349,9,0,9,0,99.62,COLLECTION_ERROR+DIRTY_BARS
ELC,2016-01-04,2026-08-07,2647,1,2647,0,0,0,0,100.00,DIRTY_BARS
EME,2017-07-17,2026-07-20,1555,9,2251,696,0,696,14,69.08,COLLECTION_ERROR+MISSING_TAIL+DIRTY_BARS
EMG,2017-02-16,2026-07-09,1544,20,2348,804,0,804,21,65.76,COLLECTION_ERROR+MISSING_TAIL+DIRTY_BARS
EMS,2018-01-05,2026-08-04,1967,19,2140,173,0,173,3,91.92,COLLECTION_ERROR+MISSING_TAIL+DIRTY_BARS
EVE,2016-01-04,2026-08-07,2647,10,2647,0,0,0,0,100.00,DIRTY_BARS
EVF,2018-08-07,2026-08-07,1999,0,1999,0,0,0,0,100.00,FULL
EVG,2017-06-08,2026-08-07,2292,1,2292,0,0,0,0,100.00,DIRTY_BARS
EVS,2018-08-01,2026-08-07,1995,0,2003,8,8,0,0,99.60,NO_TRADING
F88,2025-08-08,2026-08-07,249,0,249,0,0,0,0,100.00,FULL
FBC,2017-10-20,2024-06-12,1339,283,1659,320,0,320,538,80.71,COLLECTION_ERROR+MISSING_TAIL+DIRTY_BARS
FCC,2016-05-09,2026-06-30,1726,277,2537,811,0,811,28,68.03,COLLECTION_ERROR+MISSING_TAIL+DIRTY_BARS
FCM,2016-01-04,2026-08-07,2646,4,2647,1,0,1,0,99.96,COLLECTION_ERROR+DIRTY_BARS
FCN,2016-01-04,2026-08-07,2647,1,2647,0,0,0,0,100.00,DIRTY_BARS
FCS,2017-03-03,2026-08-07,1939,34,2358,419,0,419,0,82.23,COLLECTION_ERROR+DIRTY_BARS
FDC,2016-01-04,2026-08-05,2198,6,2645,447,0,447,2,83.10,COLLECTION_ERROR+MISSING_TAIL+DIRTY_BARS
FGL,2018-09-14,2026-08-03,1141,236,1968,827,0,827,4,57.98,COLLECTION_ERROR+MISSING_TAIL+DIRTY_BARS
FHN,2017-12-29,2025-06-19,1296,0,1863,567,0,567,284,69.57,COLLECTION_ERROR+MISSING_TAIL
FHS,2018-11-01,2026-07-28,1368,1,1930,562,0,562,8,70.88,COLLECTION_ERROR+MISSING_TAIL+DIRTY_BARS
FIC,2018-08-02,2026-08-07,1957,1,2002,45,0,45,0,97.75,COLLECTION_ERROR+DIRTY_BARS
FID,2016-01-04,2026-08-07,2296,4,2647,351,0,351,0,86.74,COLLECTION_ERROR+DIRTY_BARS
FIR,2018-10-18,2026-08-07,1948,0,1948,0,0,0,0,100.00,FULL
FIT,2016-01-04,2026-08-07,2647,1,2647,0,0,0,0,100.00,DIRTY_BARS
FMC,2016-01-04,2026-08-07,2647,1,2647,0,0,0,0,100.00,DIRTY_BARS
FOC,2018-12-10,2026-08-07,1907,1,1911,4,0,4,0,99.79,COLLECTION_ERROR+DIRTY_BARS
FOX,2017-01-13,2026-08-07,2387,21,2388,1,0,1,0,99.96,COLLECTION_ERROR+DIRTY_BARS
FPT,2016-01-04,2026-08-07,2647,1,2647,0,0,0,0,100.00,DIRTY_BARS
FRC,2018-07-26,2026-08-07,1530,1,2007,477,0,477,0,76.23,COLLECTION_ERROR+DIRTY_BARS
FRM,2017-11-24,2026-07-13,1490,1,2153,663,0,663,19,69.21,COLLECTION_ERROR+MISSING_TAIL+DIRTY_BARS
FRT,2018-04-26,2026-08-07,2070,0,2070,0,0,0,0,100.00,FULL
FSO,2017-02-06,2026-08-06,1640,619,2376,736,0,736,1,69.02,COLLECTION_ERROR+MISSING_TAIL+DIRTY_BARS
FT1,2017-09-27,2026-08-07,1950,1,2214,264,0,264,0,88.08,COLLECTION_ERROR+DIRTY_BARS
FTI,2017-10-27,2026-07-03,1335,17,2167,832,0,832,25,61.61,COLLECTION_ERROR+MISSING_TAIL+DIRTY_BARS
FTM,2017-02-06,2026-08-07,1761,3,2377,616,0,616,0,74.08,COLLECTION_ERROR+DIRTY_BARS
FTS,2017-01-13,2026-08-07,2388,1,2388,0,0,0,0,100.00,DIRTY_BARS
FUCTVGF3,2021-10-27,2026-07-28,483,0,1184,701,0,701,8,40.79,COLLECTION_ERROR+MISSING_TAIL
FUCTVGF4,2022-09-26,2026-07-28,241,0,957,716,0,716,8,25.18,COLLECTION_ERROR+MISSING_TAIL
FUCTVGF5,2023-12-29,2026-07-28,111,0,639,528,0,528,8,17.37,COLLECTION_ERROR+MISSING_TAIL
FUCVREIT,2017-02-27,2026-08-06,2208,12,2361,153,0,153,1,93.52,COLLECTION_ERROR+MISSING_TAIL+DIRTY_BARS
FUEABVND,2024-08-16,2026-07-14,53,0,474,421,0,421,18,11.18,COLLECTION_ERROR+MISSING_TAIL
FUEBFVND,2023-08-15,2024-06-12,53,0,205,152,0,152,538,25.85,COLLECTION_ERROR+MISSING_TAIL
FUEDCMID,2022-09-29,2026-08-07,962,0,962,0,0,0,0,100.00,FULL
FUEFCV50,2023-05-25,2026-08-07,771,0,801,30,0,30,0,96.25,COLLECTION_ERROR
FUEIP100,2021-10-12,2026-08-07,1107,0,1203,96,0,96,0,92.02,COLLECTION_ERROR
FUEKIV30,2022-01-07,2026-08-07,1131,0,1141,10,0,10,0,99.12,COLLECTION_ERROR
FUEKIVFS,2022-11-11,2026-08-07,751,0,931,180,0,180,0,80.67,COLLECTION_ERROR
FUEKIVND,2024-04-24,2026-08-07,409,0,571,162,0,162,0,71.63,COLLECTION_ERROR
FUEMAV30,2020-12-08,2026-08-07,1412,0,1412,0,0,0,0,100.00,FULL
FUEMAVND,2023-04-07,2026-08-07,799,0,832,33,0,33,0,96.03,COLLECTION_ERROR
FUEMITEC,2026-06-16,2026-08-07,37,0,39,2,0,2,0,94.87,COLLECTION_ERROR
FUESSV30,2020-08-18,2026-08-07,1491,0,1491,0,0,0,0,100.00,FULL
FUESSV50,2017-10-24,2026-08-07,2195,3,2195,0,0,0,0,100.00,DIRTY_BARS
FUESSVFL,2020-03-18,2026-08-07,1597,0,1597,0,0,0,0,100.00,FULL
FUETCC50,2025-03-11,2026-08-07,345,0,353,8,0,8,0,97.73,COLLECTION_ERROR
FUETPVND,2025-09-25,2026-08-04,47,0,214,167,0,167,3,21.96,COLLECTION_ERROR+MISSING_TAIL
FUEVFVND,2020-05-12,2026-08-07,1561,0,1561,0,0,0,0,100.00,FULL
FUEVN100,2020-07-21,2026-08-07,1511,0,1511,0,0,0,0,100.00,FULL
FUEVN50G,2026-06-16,2026-08-07,39,0,39,0,0,0,0,100.00,FULL
G20,2016-01-04,2026-08-07,2017,4,2647,630,5,625,0,76.20,COLLECTION_ERROR+NO_TRADING+DIRTY_BARS
G36,2016-12-26,2026-08-07,2400,43,2401,1,0,1,0,99.96,COLLECTION_ERROR+DIRTY_BARS
GAS,2016-01-04,2026-08-07,2647,1,2647,0,0,0,0,100.00,DIRTY_BARS
GCB,2016-12-28,2026-08-06,1840,0,2398,558,0,558,1,76.73,COLLECTION_ERROR+MISSING_TAIL
GCF,2022-12-20,2026-08-07,781,0,904,123,0,123,0,86.39,COLLECTION_ERROR
GDA,2023-09-07,2026-08-07,728,0,728,0,0,0,0,100.00,FULL
GDH,2026-05-11,2026-08-07,65,0,65,0,0,0,0,100.00,FULL
GDT,2016-01-04,2026-08-07,2647,21,2647,0,0,0,0,100.00,DIRTY_BARS
GDW,2018-12-18,2026-08-04,834,0,1902,1068,593,475,3,43.85,COLLECTION_ERROR+NO_TRADING+MISSING_TAIL
GE2,2021-05-07,2024-06-12,541,0,775,234,0,234,538,69.81,COLLECTION_ERROR+MISSING_TAIL
GEE,2022-03-08,2026-08-07,1080,0,1104,24,0,24,0,97.83,COLLECTION_ERROR
GEG,2017-03-21,2026-08-07,2345,2,2346,1,0,1,0,99.96,COLLECTION_ERROR+DIRTY_BARS
GEL,2026-02-06,2026-08-07,123,0,123,0,0,0,0,100.00,FULL
GER,2016-01-04,2026-07-24,1899,296,2637,738,0,738,10,72.01,COLLECTION_ERROR+MISSING_TAIL+DIRTY_BARS
GEX,2016-01-04,2026-08-07,2644,1,2647,3,3,0,0,99.89,NO_TRADING+DIRTY_BARS
GGG,2016-01-04,2026-08-07,1982,3,2647,665,0,665,0,74.88,COLLECTION_ERROR+DIRTY_BARS
GH3,2022-09-05,2025-06-09,216,0,688,472,0,472,292,31.40,COLLECTION_ERROR+MISSING_TAIL
GHC,2016-01-04,2026-08-07,2637,80,2647,10,0,10,0,99.62,COLLECTION_ERROR+DIRTY_BARS
GIC,2020-11-06,2026-08-07,1303,0,1434,131,18,113,0,90.86,COLLECTION_ERROR+NO_TRADING
GIL,2016-01-04,2026-08-07,2647,6,2647,0,0,0,0,100.00,DIRTY_BARS
GKM,2017-07-17,2026-08-07,2098,0,2265,167,0,167,0,92.63,COLLECTION_ERROR
GLC,2019-01-09,2025-08-01,1036,253,1638,602,0,602,253,63.25,COLLECTION_ERROR+MISSING_TAIL+DIRTY_BARS
GLT,2016-01-04,2026-08-04,1594,0,2644,1050,731,319,3,60.29,COLLECTION_ERROR+NO_TRADING+MISSING_TAIL
GLW,2018-01-08,2026-04-28,1410,1,2071,661,0,661,71,68.08,COLLECTION_ERROR+MISSING_TAIL+DIRTY_BARS
GMA,2020-12-01,2025-12-24,488,0,1265,777,192,585,152,38.58,COLLECTION_ERROR+NO_TRADING+MISSING_TAIL
GMC,2016-01-04,2026-08-05,2332,11,2645,313,0,313,2,88.17,COLLECTION_ERROR+MISSING_TAIL+DIRTY_BARS
GMD,2016-01-04,2026-08-07,2647,1,2647,0,0,0,0,100.00,DIRTY_BARS
GMH,2022-01-12,2026-08-07,1030,0,1138,108,0,108,0,90.51,COLLECTION_ERROR
GMX,2016-01-18,2026-08-07,1725,0,2637,912,643,269,0,65.42,COLLECTION_ERROR+NO_TRADING
GND,2017-02-21,2026-07-17,2023,14,2351,328,0,328,15,86.05,COLLECTION_ERROR+MISSING_TAIL+DIRTY_BARS
GPC,2023-01-06,2026-08-07,807,0,892,85,0,85,0,90.47,COLLECTION_ERROR
GSM,2016-01-04,2026-08-07,2447,96,2647,200,0,200,0,92.44,COLLECTION_ERROR+DIRTY_BARS
GSP,2016-01-04,2026-08-07,2646,2,2647,1,0,1,0,99.96,COLLECTION_ERROR+DIRTY_BARS
GTA,2016-01-04,2026-08-06,2387,42,2646,259,0,259,1,90.21,COLLECTION_ERROR+MISSING_TAIL+DIRTY_BARS
GTD,2016-12-16,2026-08-07,1908,2,2407,499,0,499,0,79.27,COLLECTION_ERROR+DIRTY_BARS
GTS,2016-10-21,2026-07-31,1921,65,2442,521,1,520,5,78.67,COLLECTION_ERROR+NO_TRADING+MISSING_TAIL+DIRTY_BARS
GTT,2016-01-04,2024-06-12,1893,3,2109,216,6,210,538,89.76,COLLECTION_ERROR+NO_TRADING+MISSING_TAIL+DIRTY_BARS
GVR,2018-03-21,2026-08-07,2094,0,2095,1,0,1,0,99.95,COLLECTION_ERROR
GVT,2017-01-12,2026-08-07,1950,51,2389,439,0,439,0,81.62,COLLECTION_ERROR+DIRTY_BARS
H11,2016-01-04,2026-08-04,2303,0,2644,341,0,341,3,87.10,COLLECTION_ERROR+MISSING_TAIL
HAC,2016-10-18,2026-08-07,2264,4,2450,186,0,186,0,92.41,COLLECTION_ERROR+DIRTY_BARS
HAD,2016-01-04,2026-08-03,2228,139,2643,415,0,415,4,84.30,COLLECTION_ERROR+MISSING_TAIL+DIRTY_BARS
HAF,2017-07-24,2026-08-06,1930,3,2259,329,0,329,1,85.44,COLLECTION_ERROR+MISSING_TAIL+DIRTY_BARS
HAG,2016-01-04,2026-08-07,2647,3,2647,0,0,0,0,100.00,DIRTY_BARS
HAH,2016-01-04,2026-08-07,2647,2,2647,0,0,0,0,100.00,DIRTY_BARS
HAM,2017-08-21,2026-08-06,1670,5,2239,569,0,569,1,74.59,COLLECTION_ERROR+MISSING_TAIL+DIRTY_BARS
HAN,2016-10-20,2026-08-07,2314,104,2448,134,0,134,0,94.53,COLLECTION_ERROR+DIRTY_BARS
HAP,2016-01-04,2026-08-07,2647,2,2647,0,0,0,0,100.00,DIRTY_BARS
HAR,2016-01-04,2026-08-07,2647,3,2647,0,0,0,0,100.00,DIRTY_BARS
HAS,2016-01-04,2026-08-06,2322,18,2646,324,0,324,1,87.76,COLLECTION_ERROR+MISSING_TAIL+DIRTY_BARS
HAT,2016-01-04,2026-08-07,2278,71,2647,369,0,369,0,86.06,COLLECTION_ERROR+DIRTY_BARS
HAV,2017-11-30,2026-08-03,1930,1,2164,234,0,234,4,89.19,COLLECTION_ERROR+MISSING_TAIL+DIRTY_BARS
HAX,2016-01-04,2026-08-07,2647,1,2647,0,0,0,0,100.00,DIRTY_BARS
HBC,2016-01-04,2026-08-07,2639,1,2647,8,0,8,0,99.70,COLLECTION_ERROR+DIRTY_BARS
HBD,2016-01-04,2026-08-05,2028,268,2645,617,0,617,2,76.67,COLLECTION_ERROR+MISSING_TAIL+DIRTY_BARS
HBH,2017-08-10,2026-08-06,1842,0,2246,404,0,404,1,82.01,COLLECTION_ERROR+MISSING_TAIL
HBS,2016-01-04,2026-08-07,2480,4,2647,167,0,167,0,93.69,COLLECTION_ERROR+DIRTY_BARS
HC1,2020-07-27,2026-08-04,823,0,1504,681,0,681,3,54.72,COLLECTION_ERROR+MISSING_TAIL
HC3,2017-07-11,2026-08-07,1781,3,2269,488,0,488,0,78.49,COLLECTION_ERROR+DIRTY_BARS
HCC,2016-01-04,2026-08-07,2396,0,2647,251,135,116,0,90.52,COLLECTION_ERROR+NO_TRADING
HCD,2016-07-04,2026-08-07,2525,1,2525,0,0,0,0,100.00,DIRTY_BARS
HCI,2016-01-04,2026-03-20,1851,3,2550,699,0,699,97,72.59,COLLECTION_ERROR+MISSING_TAIL+DIRTY_BARS
HCM,2016-01-04,2026-08-18,2654,1,2647,0,0,0,0,100.00,DIRTY_BARS
HCT,2016-01-04,2026-03-30,762,0,2556,1794,1115,679,91,29.81,COLLECTION_ERROR+NO_TRADING+MISSING_TAIL
HD2,2016-05-16,2026-08-05,2486,22,2558,72,0,72,2,97.19,COLLECTION_ERROR+MISSING_TAIL+DIRTY_BARS
HD6,2020-11-23,2026-08-07,1423,0,1423,0,0,0,0,100.00,FULL
HD8,2019-03-15,2026-07-28,1520,0,1841,321,0,321,8,82.56,COLLECTION_ERROR+MISSING_TAIL
HDA,2016-01-04,2026-08-07,2610,0,2647,37,9,28,0,98.60,COLLECTION_ERROR+NO_TRADING
HDB,2018-01-05,2026-08-07,2143,1,2143,0,0,0,0,100.00,DIRTY_BARS
HDC,2016-01-04,2026-08-07,2647,2,2647,0,0,0,0,100.00,DIRTY_BARS
HDG,2016-01-04,2026-08-07,2647,16,2647,0,0,0,0,100.00,DIRTY_BARS
HDM,2016-01-04,2026-08-07,2605,177,2647,42,0,42,0,98.41,COLLECTION_ERROR+DIRTY_BARS
HDP,2017-03-16,2026-08-06,1922,7,2348,426,0,426,1,81.86,COLLECTION_ERROR+MISSING_TAIL+DIRTY_BARS
HDW,2017-11-03,2026-08-04,1613,4,2184,571,0,571,3,73.86,COLLECTION_ERROR+MISSING_TAIL+DIRTY_BARS
HEC,2016-12-21,2026-08-07,1941,44,2404,463,0,463,0,80.74,COLLECTION_ERROR+DIRTY_BARS
HEJ,2017-07-14,2026-08-07,1992,2,2266,274,0,274,0,87.91,COLLECTION_ERROR+DIRTY_BARS
HEP,2017-12-15,2026-08-07,1583,0,2157,574,0,574,0,73.39,COLLECTION_ERROR
HES,2016-12-07,2026-07-28,1727,0,2406,679,0,679,8,71.78,COLLECTION_ERROR+MISSING_TAIL
HEV,2016-01-04,2026-06-30,737,0,2619,1882,1160,722,28,28.14,COLLECTION_ERROR+NO_TRADING+MISSING_TAIL
HFB,2017-03-30,2026-08-07,1861,5,2339,478,0,478,0,79.56,COLLECTION_ERROR+DIRTY_BARS
HFC,2016-01-04,2026-06-24,2022,4,2615,593,1,592,32,77.32,COLLECTION_ERROR+NO_TRADING+MISSING_TAIL+DIRTY_BARS
HFX,2016-01-04,2026-06-26,1834,342,2617,783,0,783,30,70.08,COLLECTION_ERROR+MISSING_TAIL+DIRTY_BARS
HGM,2016-01-05,2026-08-07,1048,0,2646,1598,1317,281,0,39.61,COLLECTION_ERROR+NO_TRADING
HGT,2022-08-01,2025-12-29,259,0,854,595,0,595,149,30.33,COLLECTION_ERROR+MISSING_TAIL
HHB,2025-10-30,2026-04-14,10,0,112,102,0,102,80,8.93,COLLECTION_ERROR+MISSING_TAIL
HHC,2016-01-06,2026-08-07,1245,0,2645,1400,780,620,0,47.07,COLLECTION_ERROR+NO_TRADING
HHG,2016-01-04,2026-08-07,2640,3,2647,7,0,7,0,99.74,COLLECTION_ERROR+DIRTY_BARS
HHN,2016-12-16,2024-06-12,1552,569,1869,317,0,317,538,83.04,COLLECTION_ERROR+MISSING_TAIL+DIRTY_BARS
HHP,2018-08-08,2026-08-07,1998,0,1998,0,0,0,0,100.00,FULL
HHS,2016-01-04,2026-08-07,2647,1,2647,0,0,0,0,100.00,DIRTY_BARS
HHV,2016-01-04,2026-08-07,2646,273,2647,1,0,1,0,99.96,COLLECTION_ERROR+DIRTY_BARS
HID,2016-07-11,2026-08-07,2520,0,2520,0,0,0,0,100.00,FULL
HII,2017-06-22,2026-08-18,2289,3,2282,0,0,0,0,100.00,DIRTY_BARS
HIO,2023-10-23,2026-08-07,684,0,696,12,0,12,0,98.28,COLLECTION_ERROR
HJC,2016-01-04,2026-07-13,2170,0,2628,458,0,458,19,82.57,COLLECTION_ERROR+MISSING_TAIL
HJS,2016-01-04,2026-08-07,1560,0,2647,1087,764,323,0,58.93,COLLECTION_ERROR+NO_TRADING
HKB,2016-01-04,2026-08-07,2031,3,2647,616,0,616,0,76.73,COLLECTION_ERROR+DIRTY_BARS
HKT,2017-01-12,2026-08-07,2165,3,2389,224,0,224,0,90.62,COLLECTION_ERROR+DIRTY_BARS
HLA,2016-01-04,2024-06-12,1899,3,2109,210,0,210,538,90.04,COLLECTION_ERROR+MISSING_TAIL+DIRTY_BARS
HLB,2017-02-08,2026-07-24,1830,28,2365,535,0,535,10,77.38,COLLECTION_ERROR+MISSING_TAIL+DIRTY_BARS
HLC,2016-01-06,2026-08-07,1858,0,2645,787,682,105,0,70.25,COLLECTION_ERROR+NO_TRADING
HLD,2016-01-04,2026-08-07,2647,5,2647,0,0,0,0,100.00,DIRTY_BARS
HLO,2024-06-24,2026-04-17,43,0,454,411,0,411,77,9.47,COLLECTION_ERROR+MISSING_TAIL
HLS,2017-10-16,2026-04-15,1453,1,2122,669,0,669,79,68.47,COLLECTION_ERROR+MISSING_TAIL+DIRTY_BARS
HLT,2019-12-27,2024-12-06,887,0,1236,349,0,349,413,71.76,COLLECTION_ERROR+MISSING_TAIL
HLY,2016-01-04,2026-05-15,1857,1,2587,730,0,730,60,71.78,COLLECTION_ERROR+MISSING_TAIL+DIRTY_BARS
HMC,2016-01-04,2026-08-07,2632,13,2647,15,0,15,0,99.43,COLLECTION_ERROR+DIRTY_BARS
HMD,2025-01-23,2026-07-28,98,0,373,275,0,275,8,26.27,COLLECTION_ERROR+MISSING_TAIL
HMG,2016-09-09,2026-02-27,1724,125,2365,641,0,641,112,72.90,COLLECTION_ERROR+MISSING_TAIL+DIRTY_BARS
HMH,2016-01-04,2026-08-03,2375,18,2643,268,0,268,4,89.86,COLLECTION_ERROR+MISSING_TAIL+DIRTY_BARS
HMR,2022-01-13,2026-08-07,1106,0,1137,31,11,20,0,97.27,COLLECTION_ERROR+NO_TRADING
HMS,2017-06-05,2026-08-07,2266,0,2295,29,0,29,0,98.74,COLLECTION_ERROR
HNA,2017-10-05,2026-08-07,2066,11,2208,142,0,142,0,93.57,COLLECTION_ERROR+DIRTY_BARS
HNB,2016-01-04,2026-07-24,2161,259,2637,476,0,476,10,81.95,COLLECTION_ERROR+MISSING_TAIL+DIRTY_BARS
HND,2016-10-05,2026-08-07,2457,44,2459,2,0,2,0,99.92,COLLECTION_ERROR+DIRTY_BARS
HNF,2016-01-04,2026-08-07,2306,149,2647,341,0,341,0,87.12,COLLECTION_ERROR+DIRTY_BARS
HNG,2016-01-04,2026-08-07,2639,3,2647,8,0,8,0,99.70,COLLECTION_ERROR+DIRTY_BARS
HNI,2017-12-12,2026-08-07,1783,9,2160,377,0,377,0,82.55,COLLECTION_ERROR+DIRTY_BARS
HNM,2016-01-04,2026-08-07,2567,0,2647,80,0,80,0,96.98,COLLECTION_ERROR
HNP,2016-12-20,2026-08-07,1675,16,2405,730,0,730,0,69.65,COLLECTION_ERROR+DIRTY_BARS
HNR,2018-06-08,2024-06-12,1184,322,1503,319,0,319,538,78.78,COLLECTION_ERROR+MISSING_TAIL+DIRTY_BARS
HOM,2016-01-04,2026-08-07,2635,0,2647,12,0,12,0,99.55,COLLECTION_ERROR
HOT,2016-01-04,2026-05-21,2009,2,2591,582,0,582,56,77.54,COLLECTION_ERROR+MISSING_TAIL+DIRTY_BARS
HPA,2026-02-06,2026-08-07,123,0,123,0,0,0,0,100.00,FULL
HPB,2016-01-04,2026-08-06,2041,240,2646,605,0,605,1,77.14,COLLECTION_ERROR+MISSING_TAIL+DIRTY_BARS
HPD,2016-01-04,2026-08-07,2547,170,2647,100,0,100,0,96.22,COLLECTION_ERROR+DIRTY_BARS
HPG,2016-01-04,2026-08-12,2650,1,2647,0,0,0,0,100.00,DIRTY_BARS
HPH,2017-12-28,2026-08-05,1486,1,2146,660,0,660,2,69.25,COLLECTION_ERROR+MISSING_TAIL+DIRTY_BARS
HPI,2017-10-05,2026-07-30,1583,3,2202,619,0,619,6,71.89,COLLECTION_ERROR+MISSING_TAIL+DIRTY_BARS
HPO,2025-10-22,2026-07-24,21,0,188,167,0,167,10,11.17,COLLECTION_ERROR+MISSING_TAIL
HPP,2016-01-04,2026-08-07,2510,253,2647,137,0,137,0,94.82,COLLECTION_ERROR+DIRTY_BARS
HPT,2016-01-04,2026-08-07,2431,268,2647,216,0,216,0,91.84,COLLECTION_ERROR+DIRTY_BARS
HPW,2016-11-21,2026-08-04,2044,75,2423,379,0,379,3,84.36,COLLECTION_ERROR+MISSING_TAIL+DIRTY_BARS
HPX,2018-07-24,2026-08-07,1926,0,2009,83,0,83,0,95.87,COLLECTION_ERROR
HQC,2016-01-04,2026-08-07,2647,3,2647,0,0,0,0,100.00,DIRTY_BARS
HRB,2017-11-06,2026-07-20,1396,0,2172,776,0,776,14,64.27,COLLECTION_ERROR+MISSING_TAIL
HRC,2016-01-04,2026-08-07,2387,98,2647,260,0,260,0,90.18,COLLECTION_ERROR+DIRTY_BARS
HSA,2017-01-23,2024-06-12,1614,1,1844,230,0,230,538,87.53,COLLECTION_ERROR+MISSING_TAIL+DIRTY_BARS
HSG,2016-01-04,2026-08-07,2647,1,2647,0,0,0,0,100.00,DIRTY_BARS
HSL,2018-05-10,2026-08-07,2062,0,2062,0,0,0,0,100.00,FULL
HSM,2018-04-20,2026-07-28,1745,0,2065,320,0,320,8,84.50,COLLECTION_ERROR+MISSING_TAIL
HSP,2020-05-06,2026-08-05,1127,0,1563,436,0,436,2,72.10,COLLECTION_ERROR+MISSING_TAIL
HSV,2021-04-27,2026-08-07,1318,0,1319,1,0,1,0,99.92,COLLECTION_ERROR
HT1,2016-01-04,2026-08-07,2647,3,2647,0,0,0,0,100.00,DIRTY_BARS
HTC,2016-01-04,2026-08-05,1256,0,2645,1389,838,551,2,47.49,COLLECTION_ERROR+NO_TRADING+MISSING_TAIL
HTE,2017-07-24,2026-08-07,2253,0,2260,7,0,7,0,99.69,COLLECTION_ERROR
HTG,2017-06-14,2026-08-07,2286,5,2288,2,0,2,0,99.91,COLLECTION_ERROR+DIRTY_BARS
HTI,2016-01-04,2026-08-07,2624,5,2647,23,0,23,0,99.13,COLLECTION_ERROR+DIRTY_BARS
HTL,2016-01-04,2026-08-07,2561,25,2647,86,0,86,0,96.75,COLLECTION_ERROR+DIRTY_BARS
HTM,2018-05-04,2026-08-04,1860,0,2063,203,0,203,3,90.16,COLLECTION_ERROR+MISSING_TAIL
HTN,2018-11-12,2026-08-07,1931,0,1931,0,0,0,0,100.00,FULL
HTP,2016-01-04,2026-06-19,2199,4,2612,413,0,413,35,84.19,COLLECTION_ERROR+MISSING_TAIL+DIRTY_BARS
HTT,2017-07-05,2026-08-07,1650,4,2273,623,0,623,0,72.59,COLLECTION_ERROR+DIRTY_BARS
HTV,2016-01-04,2026-08-03,2479,65,2643,164,0,164,4,93.79,COLLECTION_ERROR+MISSING_TAIL+DIRTY_BARS
HU1,2016-01-04,2026-08-06,2351,109,2646,295,0,295,1,88.85,COLLECTION_ERROR+MISSING_TAIL+DIRTY_BARS
HU3,2016-01-04,2026-08-07,2509,98,2647,138,0,138,0,94.79,COLLECTION_ERROR+DIRTY_BARS
HU4,2016-01-29,2026-08-06,2600,136,2627,27,0,27,1,98.97,COLLECTION_ERROR+MISSING_TAIL+DIRTY_BARS
HU6,2016-01-04,2026-08-07,2438,295,2647,209,0,209,0,92.10,COLLECTION_ERROR+DIRTY_BARS
HUB,2019-02-26,2026-08-07,1857,5,1862,5,0,5,0,99.73,COLLECTION_ERROR+DIRTY_BARS
HUG,2017-12-18,2026-06-30,1707,0,2128,421,0,421,28,80.22,COLLECTION_ERROR+MISSING_TAIL
HUT,2016-01-04,2026-08-07,2647,3,2647,0,0,0,0,100.00,DIRTY_BARS
HVA,2016-01-04,2026-08-07,2555,0,2647,92,0,92,0,96.52,COLLECTION_ERROR
HVH,2018-11-30,2026-08-07,1917,0,1917,0,0,0,0,100.00,FULL
HVN,2017-01-03,2026-08-07,2388,0,2396,8,7,1,0,99.67,COLLECTION_ERROR+NO_TRADING
HVT,2016-01-04,2026-08-07,2180,0,2647,467,408,59,0,82.36,COLLECTION_ERROR+NO_TRADING
HVX,2016-01-04,2026-08-07,2635,194,2647,12,0,12,0,99.55,COLLECTION_ERROR+DIRTY_BARS
HWS,2018-07-27,2026-08-07,1967,1,2006,39,0,39,0,98.06,COLLECTION_ERROR+DIRTY_BARS
IBD,2019-05-24,2026-03-09,979,0,1697,718,1,717,106,57.69,COLLECTION_ERROR+NO_TRADING+MISSING_TAIL
ICC,2016-06-01,2026-07-14,2027,167,2530,503,0,503,18,80.12,COLLECTION_ERROR+MISSING_TAIL+DIRTY_BARS
ICF,2016-01-04,2026-08-07,2550,0,2647,97,5,92,0,96.34,COLLECTION_ERROR+NO_TRADING
ICG,2016-01-04,2026-08-06,2560,48,2646,86,0,86,1,96.75,COLLECTION_ERROR+MISSING_TAIL+DIRTY_BARS
ICI,2016-01-04,2026-07-23,2105,0,2636,531,0,531,11,79.86,COLLECTION_ERROR+MISSING_TAIL
ICN,2016-01-04,2026-08-07,2636,131,2647,11,0,11,0,99.58,COLLECTION_ERROR+DIRTY_BARS
ICT,2020-01-15,2026-08-07,1628,3,1637,9,0,9,0,99.45,COLLECTION_ERROR+DIRTY_BARS
IDC,2019-12-10,2026-08-07,1658,0,1662,4,2,2,0,99.76,COLLECTION_ERROR+NO_TRADING
IDI,2016-01-04,2026-08-07,2647,1,2647,0,0,0,0,100.00,DIRTY_BARS
IDJ,2016-01-04,2026-08-07,2585,0,2647,62,60,2,0,97.66,COLLECTION_ERROR+NO_TRADING
IDP,2021-01-12,2026-07-08,866,0,1366,500,0,500,22,63.40,COLLECTION_ERROR+MISSING_TAIL
IDV,2016-01-04,2026-08-07,2611,0,2647,36,36,0,0,98.64,NO_TRADING
IFS,2016-11-16,2026-08-07,2281,45,2429,148,0,148,0,93.91,COLLECTION_ERROR+DIRTY_BARS
IJC,2016-01-04,2026-08-18,2654,62,2647,0,0,0,0,100.00,DIRTY_BARS
ILA,2017-11-28,2026-08-07,2149,5,2170,21,0,21,0,99.03,COLLECTION_ERROR+DIRTY_BARS
ILB,2019-05-15,2026-08-07,1759,6,1810,51,0,51,0,97.18,COLLECTION_ERROR+DIRTY_BARS
ILC,2018-08-10,2026-08-07,1765,1,1996,231,0,231,0,88.43,COLLECTION_ERROR+DIRTY_BARS
ILS,2018-03-19,2026-08-07,1971,4,2097,126,0,126,0,93.99,COLLECTION_ERROR+DIRTY_BARS
IME,2016-01-04,2026-07-13,1799,105,2628,829,0,829,19,68.46,COLLECTION_ERROR+MISSING_TAIL+DIRTY_BARS
IMP,2016-01-04,2026-08-07,2645,3,2647,2,0,2,0,99.92,COLLECTION_ERROR+DIRTY_BARS
IN4,2016-01-04,2026-01-19,1912,264,2511,599,0,599,136,76.14,COLLECTION_ERROR+MISSING_TAIL+DIRTY_BARS
INC,2016-01-08,2026-05-04,791,0,2574,1783,1086,697,69,30.73,COLLECTION_ERROR+NO_TRADING+MISSING_TAIL
INN,2016-01-04,2026-08-07,2542,0,2647,105,47,58,0,96.03,COLLECTION_ERROR+NO_TRADING
IPA,2016-06-17,2026-08-07,2513,15,2536,23,0,23,0,99.09,COLLECTION_ERROR+DIRTY_BARS
IRC,2018-01-22,2025-12-01,1277,437,1963,686,0,686,169,65.05,COLLECTION_ERROR+MISSING_TAIL+DIRTY_BARS
ISG,2016-01-04,2026-06-26,1940,0,2617,677,0,677,30,74.13,COLLECTION_ERROR+MISSING_TAIL
ISH,2016-01-04,2026-08-06,2468,226,2646,178,0,178,1,93.27,COLLECTION_ERROR+MISSING_TAIL+DIRTY_BARS
IST,2017-01-05,2026-08-07,2133,37,2394,261,0,261,0,89.10,COLLECTION_ERROR+DIRTY_BARS
ITA,2016-01-04,2024-09-25,2182,3,2182,0,0,0,465,100.00,MISSING_TAIL+DIRTY_BARS
ITC,2016-01-04,2026-08-07,2647,7,2647,0,0,0,0,100.00,DIRTY_BARS
ITD,2016-01-04,2026-08-07,2645,5,2647,2,0,2,0,99.92,COLLECTION_ERROR+DIRTY_BARS
ITQ,2016-01-04,2026-08-07,2647,1,2647,0,0,0,0,100.00,DIRTY_BARS
ITS,2016-01-04,2026-08-06,2606,25,2646,40,0,40,1,98.49,COLLECTION_ERROR+MISSING_TAIL+DIRTY_BARS
IVS,2016-01-04,2026-08-07,2647,3,2647,0,0,0,0,100.00,DIRTY_BARS
JOS,2017-07-28,2026-08-07,1554,74,2256,702,0,702,0,68.88,COLLECTION_ERROR+DIRTY_BARS
JVC,2016-01-04,2026-08-07,2647,3,2647,0,0,0,0,100.00,DIRTY_BARS
KBC,2016-01-04,2026-08-07,2647,1,2647,0,0,0,0,100.00,DIRTY_BARS
KCB,2016-01-04,2026-08-07,2557,0,2647,90,0,90,0,96.60,COLLECTION_ERROR
KDC,2016-01-04,2026-08-07,2647,1,2647,0,0,0,0,100.00,DIRTY_BARS
KDH,2016-01-04,2026-08-07,2647,1,2647,0,0,0,0,100.00,DIRTY_BARS
KDM,2016-03-29,2026-08-07,2583,3,2591,8,0,8,0,99.69,COLLECTION_ERROR+DIRTY_BARS
KGM,2017-09-21,2026-08-06,2150,1,2217,67,0,67,1,96.98,COLLECTION_ERROR+MISSING_TAIL+DIRTY_BARS
KHD,2016-12-22,2026-07-24,1817,5,2393,576,0,576,10,75.93,COLLECTION_ERROR+MISSING_TAIL+DIRTY_BARS
KHG,2021-07-19,2026-08-07,1262,0,1262,0,0,0,0,100.00,FULL
KHP,2016-01-04,2026-08-07,2647,7,2647,0,0,0,0,100.00,DIRTY_BARS
KHS,2017-12-26,2026-08-07,1423,0,2150,727,494,233,0,66.19,COLLECTION_ERROR+NO_TRADING
KHW,2017-02-20,2026-08-03,1795,23,2363,568,0,568,4,75.96,COLLECTION_ERROR+MISSING_TAIL+DIRTY_BARS
KHX,2026-01-15,2026-08-04,41,0,136,95,0,95,3,30.15,COLLECTION_ERROR+MISSING_TAIL
KIP,2016-04-12,2026-08-05,1961,234,2579,618,0,618,2,76.04,COLLECTION_ERROR+MISSING_TAIL+DIRTY_BARS
KKC,2016-01-04,2026-08-07,1847,0,2647,800,378,422,0,69.78,COLLECTION_ERROR+NO_TRADING
KLB,2017-06-29,2026-08-07,2267,8,2277,10,0,10,0,99.56,COLLECTION_ERROR+DIRTY_BARS
KMR,2016-01-04,2026-08-07,2646,4,2647,1,0,1,0,99.96,COLLECTION_ERROR+DIRTY_BARS
KMT,2016-01-04,2026-06-15,1957,235,2608,651,0,651,39,75.04,COLLECTION_ERROR+MISSING_TAIL+DIRTY_BARS
KOS,2017-12-08,2026-08-07,2161,0,2162,1,0,1,0,99.95,COLLECTION_ERROR
KPF,2016-03-02,2025-02-25,2248,21,2248,0,0,0,362,100.00,MISSING_TAIL+DIRTY_BARS
KSB,2016-01-04,2026-08-07,2647,1,2647,0,0,0,0,100.00,DIRTY_BARS
KSD,2016-01-04,2026-08-07,2428,1,2647,219,0,219,0,91.73,COLLECTION_ERROR+DIRTY_BARS
KSF,2021-10-06,2026-08-07,1207,0,1207,0,0,0,0,100.00,FULL
KSQ,2016-01-04,2026-08-07,2569,0,2647,78,0,78,0,97.05,COLLECTION_ERROR
KST,2016-02-15,2026-08-03,912,0,2618,1706,1138,568,4,34.84,COLLECTION_ERROR+NO_TRADING+MISSING_TAIL
KSV,2016-07-28,2026-08-07,2409,189,2507,98,0,98,0,96.09,COLLECTION_ERROR+DIRTY_BARS
KTC,2018-06-22,2026-02-09,1265,13,1910,645,0,645,121,66.23,COLLECTION_ERROR+MISSING_TAIL+DIRTY_BARS
KTL,2016-01-04,2026-08-05,2034,25,2645,611,0,611,2,76.90,COLLECTION_ERROR+MISSING_TAIL+DIRTY_BARS
KTS,2016-01-04,2026-08-07,2522,51,2647,125,0,125,0,95.28,COLLECTION_ERROR+DIRTY_BARS
KTT,2016-01-04,2024-09-06,2047,0,2169,122,0,122,478,94.38,COLLECTION_ERROR+MISSING_TAIL
KVC,2016-01-04,2026-08-07,2640,3,2647,7,0,7,0,99.74,COLLECTION_ERROR+DIRTY_BARS
L10,2016-01-04,2026-08-07,2207,77,2647,440,0,440,0,83.38,COLLECTION_ERROR+DIRTY_BARS
L12,2017-01-03,2026-08-06,2213,55,2395,182,0,182,1,92.40,COLLECTION_ERROR+MISSING_TAIL+DIRTY_BARS
L14,2016-01-04,2026-08-07,2647,6,2647,0,0,0,0,100.00,DIRTY_BARS
L18,2016-01-05,2026-08-07,1753,0,2646,893,832,61,0,66.25,COLLECTION_ERROR+NO_TRADING
L35,2016-01-04,2026-08-05,2101,3,2645,544,0,544,2,79.43,COLLECTION_ERROR+MISSING_TAIL+DIRTY_BARS
L40,2021-01-27,2026-08-07,855,0,1377,522,255,267,0,62.09,COLLECTION_ERROR+NO_TRADING
L43,2016-01-04,2026-08-07,2334,1,2647,313,0,313,0,88.18,COLLECTION_ERROR+DIRTY_BARS
L45,2016-10-20,2026-08-07,2157,0,2448,291,0,291,0,88.11,COLLECTION_ERROR
L61,2016-01-08,2026-07-10,1180,0,2623,1443,851,592,20,44.99,COLLECTION_ERROR+NO_TRADING+MISSING_TAIL
L62,2016-01-04,2026-08-07,2077,242,2647,570,0,570,0,78.47,COLLECTION_ERROR+DIRTY_BARS
L63,2016-10-06,2026-07-22,1841,1,2446,605,0,605,12,75.27,COLLECTION_ERROR+MISSING_TAIL+DIRTY_BARS
LAF,2016-01-04,2026-08-07,2590,64,2647,57,0,57,0,97.85,COLLECTION_ERROR+DIRTY_BARS
LAI,2016-01-04,2026-08-07,2520,305,2647,127,0,127,0,95.20,COLLECTION_ERROR+DIRTY_BARS
LAS,2016-01-04,2026-08-07,2643,0,2647,4,4,0,0,99.85,NO_TRADING
LAW,2016-01-04,2026-07-31,1920,364,2642,722,0,722,5,72.67,COLLECTION_ERROR+MISSING_TAIL+DIRTY_BARS
LBE,2016-01-04,2026-08-07,2200,241,2647,447,0,447,0,83.11,COLLECTION_ERROR+DIRTY_BARS
LBM,2016-01-04,2026-08-07,2645,11,2647,2,0,2,0,99.92,COLLECTION_ERROR+DIRTY_BARS
LCD,2016-01-04,2025-02-21,1798,1,2283,485,0,485,364,78.76,COLLECTION_ERROR+MISSING_TAIL+DIRTY_BARS
LCG,2016-01-04,2026-08-07,2647,1,2647,0,0,0,0,100.00,DIRTY_BARS
LCM,2016-01-04,2026-08-07,2215,3,2647,432,0,432,0,83.68,COLLECTION_ERROR+DIRTY_BARS
LDG,2016-01-04,2026-08-07,2647,1,2647,0,0,0,0,100.00,DIRTY_BARS
LDP,2016-01-04,2026-08-07,2597,1,2647,50,0,50,0,98.11,COLLECTION_ERROR+DIRTY_BARS
LDW,2018-03-16,2026-08-06,1279,705,2097,818,0,818,1,60.99,COLLECTION_ERROR+MISSING_TAIL+DIRTY_BARS
LEC,2017-06-14,2026-07-31,1963,6,2283,320,0,320,5,85.98,COLLECTION_ERROR+MISSING_TAIL+DIRTY_BARS
LG9,2017-12-18,2026-08-06,1723,35,2155,432,0,432,1,79.95,COLLECTION_ERROR+MISSING_TAIL+DIRTY_BARS
LGC,2016-01-04,2026-04-29,2119,35,2577,458,0,458,70,82.23,COLLECTION_ERROR+MISSING_TAIL+DIRTY_BARS
LGL,2016-01-04,2026-08-07,2647,3,2647,0,0,0,0,100.00,DIRTY_BARS
LHC,2016-01-04,2026-08-07,2411,0,2647,236,215,21,0,91.08,COLLECTION_ERROR+NO_TRADING
LHG,2016-01-04,2026-08-07,2647,1,2647,0,0,0,0,100.00,DIRTY_BARS
LIC,2017-06-05,2026-08-07,2270,0,2295,25,0,25,0,98.91,COLLECTION_ERROR
LIG,2016-01-04,2026-08-07,2647,1,2647,0,0,0,0,100.00,DIRTY_BARS
LIX,2016-01-04,2026-08-07,2637,1,2647,10,0,10,0,99.62,COLLECTION_ERROR+DIRTY_BARS
LKW,2016-01-04,2026-08-06,2314,193,2646,332,0,332,1,87.45,COLLECTION_ERROR+MISSING_TAIL+DIRTY_BARS
LLM,2017-08-16,2026-08-07,2078,0,2243,165,0,165,0,92.64,COLLECTION_ERROR
LM3,2016-01-04,2026-08-07,1910,0,2647,737,0,737,0,72.16,COLLECTION_ERROR
LM7,2016-01-04,2026-07-17,2111,3,2632,521,0,521,15,80.21,COLLECTION_ERROR+MISSING_TAIL+DIRTY_BARS
LM8,2016-01-04,2026-08-07,2229,35,2647,418,0,418,0,84.21,COLLECTION_ERROR+DIRTY_BARS
LMC,2017-09-21,2026-08-07,1751,0,2218,467,0,467,0,78.94,COLLECTION_ERROR
LMH,2018-10-12,2026-08-07,1500,3,1952,452,0,452,0,76.84,COLLECTION_ERROR+DIRTY_BARS
LMI,2017-07-20,2026-08-04,1671,4,2259,588,0,588,3,73.97,COLLECTION_ERROR+MISSING_TAIL+DIRTY_BARS
LNC,2019-07-04,2026-08-05,937,0,1772,835,1,834,2,52.88,COLLECTION_ERROR+NO_TRADING+MISSING_TAIL
LO5,2016-01-04,2026-08-07,1973,3,2647,674,0,674,0,74.54,COLLECTION_ERROR+DIRTY_BARS
LPB,2017-10-05,2026-08-07,2207,0,2208,1,0,1,0,99.95,COLLECTION_ERROR
LPT,2021-04-08,2026-08-07,1255,0,1331,76,0,76,0,94.29,COLLECTION_ERROR
LQN,2016-11-01,2026-07-31,1646,662,2435,789,0,789,5,67.60,COLLECTION_ERROR+MISSING_TAIL+DIRTY_BARS
LSG,2022-05-12,2026-08-07,1050,0,1060,10,0,10,0,99.06,COLLECTION_ERROR
LSS,2016-01-04,2026-08-07,2647,2,2647,0,0,0,0,100.00,DIRTY_BARS
LTC,2016-01-04,2026-08-07,2006,1,2647,641,6,635,0,75.78,COLLECTION_ERROR+NO_TRADING+DIRTY_BARS
LTG,2017-07-24,2026-06-19,1896,0,2225,329,0,329,35,85.21,COLLECTION_ERROR+MISSING_TAIL
LUT,2016-01-04,2026-06-19,1998,2,2612,614,0,614,35,76.49,COLLECTION_ERROR+MISSING_TAIL+DIRTY_BARS
M10,2018-01-10,2026-08-07,2070,8,2140,70,0,70,0,96.73,COLLECTION_ERROR+DIRTY_BARS
MA1,2020-06-29,2026-07-21,1142,0,1514,372,0,372,13,75.43,COLLECTION_ERROR+MISSING_TAIL
MAC,2016-01-04,2026-08-07,2566,15,2647,81,0,81,0,96.94,COLLECTION_ERROR+DIRTY_BARS
MAS,2016-01-04,2026-08-04,2198,2,2644,446,0,446,3,83.13,COLLECTION_ERROR+MISSING_TAIL+DIRTY_BARS
MBB,2016-01-04,2026-08-07,2647,1,2647,0,0,0,0,100.00,DIRTY_BARS
MBG,2016-01-04,2026-08-07,2647,0,2647,0,0,0,0,100.00,FULL
MBN,2018-10-03,2024-06-12,1102,705,1421,319,0,319,538,77.55,COLLECTION_ERROR+MISSING_TAIL+DIRTY_BARS
MBS,2016-03-28,2026-08-07,2590,0,2592,2,2,0,0,99.92,NO_TRADING
MBT,2025-03-19,2026-08-07,297,0,347,50,0,50,0,85.59,COLLECTION_ERROR
MCC,2016-01-06,2026-07-31,586,0,2640,2054,1244,810,5,22.20,COLLECTION_ERROR+NO_TRADING+MISSING_TAIL
MCF,2016-01-04,2026-08-05,2564,163,2645,81,0,81,2,96.94,COLLECTION_ERROR+MISSING_TAIL+DIRTY_BARS
MCG,2016-01-04,2026-08-07,2640,4,2647,7,0,7,0,99.74,COLLECTION_ERROR+DIRTY_BARS
MCH,2017-01-05,2026-08-07,2388,4,2394,6,0,6,0,99.75,COLLECTION_ERROR+DIRTY_BARS
MCM,2020-12-18,2026-08-07,1397,0,1404,7,0,7,0,99.50,COLLECTION_ERROR
MCO,2016-01-04,2026-08-07,2619,4,2647,28,0,28,0,98.94,COLLECTION_ERROR+DIRTY_BARS
MCP,2016-01-04,2026-08-07,2598,46,2647,49,0,49,0,98.15,COLLECTION_ERROR+DIRTY_BARS
MDA,2018-01-10,2026-01-07,1283,482,1996,713,0,713,144,64.28,COLLECTION_ERROR+MISSING_TAIL+DIRTY_BARS
MDC,2016-01-04,2026-08-07,1836,0,2647,811,711,100,0,69.36,COLLECTION_ERROR+NO_TRADING
MDF,2016-01-04,2026-08-06,2335,240,2646,311,0,311,1,88.25,COLLECTION_ERROR+MISSING_TAIL+DIRTY_BARS
MDG,2016-01-04,2026-08-07,2240,51,2647,407,0,407,0,84.62,COLLECTION_ERROR+DIRTY_BARS
MEC,2016-01-04,2026-08-07,1997,2,2647,650,0,650,0,75.44,COLLECTION_ERROR+DIRTY_BARS
MED,2020-03-18,2026-05-13,712,0,1535,823,257,566,62,46.38,COLLECTION_ERROR+NO_TRADING+MISSING_TAIL
MEF,2016-01-04,2026-05-05,1795,705,2579,784,0,784,68,69.60,COLLECTION_ERROR+MISSING_TAIL+DIRTY_BARS
MEL,2017-09-27,2026-08-07,1769,11,2214,445,0,445,0,79.90,COLLECTION_ERROR+DIRTY_BARS
MES,2016-12-12,2024-06-12,1553,706,1873,320,0,320,538,82.92,COLLECTION_ERROR+MISSING_TAIL+DIRTY_BARS
MFS,2019-04-16,2026-08-07,1800,0,1828,28,0,28,0,98.47,COLLECTION_ERROR
MGC,2016-06-09,2026-08-07,2434,447,2542,108,0,108,0,95.75,COLLECTION_ERROR+DIRTY_BARS
MGG,2017-11-06,2026-07-14,1857,1,2168,311,0,311,18,85.65,COLLECTION_ERROR+MISSING_TAIL+DIRTY_BARS
MGR,2022-04-28,2026-08-06,647,0,1067,420,0,420,1,60.64,COLLECTION_ERROR+MISSING_TAIL
MH3,2017-03-06,2026-08-06,2112,11,2356,244,0,244,1,89.64,COLLECTION_ERROR+MISSING_TAIL+DIRTY_BARS
MHC,2016-01-04,2026-08-07,2646,2,2647,1,0,1,0,99.96,COLLECTION_ERROR+DIRTY_BARS
MHL,2016-01-04,2024-06-12,1848,0,2109,261,0,261,538,87.62,COLLECTION_ERROR+MISSING_TAIL
MIC,2016-01-04,2026-08-07,2456,0,2647,191,0,191,0,92.78,COLLECTION_ERROR
MIE,2017-12-15,2026-04-01,1370,308,2068,698,0,698,89,66.25,COLLECTION_ERROR+MISSING_TAIL+DIRTY_BARS
MIG,2017-05-05,2026-08-07,2315,0,2316,1,0,1,0,99.96,COLLECTION_ERROR
MKP,2018-01-29,2026-08-07,1910,12,2127,217,0,217,0,89.80,COLLECTION_ERROR+DIRTY_BARS
MKV,2016-01-04,2026-08-07,2299,272,2647,348,0,348,0,86.85,COLLECTION_ERROR+DIRTY_BARS
MLC,2017-05-23,2025-05-16,1474,630,1996,522,0,522,308,73.85,COLLECTION_ERROR+MISSING_TAIL+DIRTY_BARS
MLS,2016-12-28,2026-08-06,2263,5,2398,135,5,130,1,94.37,COLLECTION_ERROR+NO_TRADING+MISSING_TAIL+DIRTY_BARS
MML,2019-12-09,2026-08-07,1650,0,1663,13,0,13,0,99.22,COLLECTION_ERROR
MNB,2018-04-24,2026-08-04,1521,1,2068,547,0,547,3,73.55,COLLECTION_ERROR+MISSING_TAIL+DIRTY_BARS
MND,2017-08-11,2026-07-01,1465,1,2219,754,0,754,27,66.02,COLLECTION_ERROR+MISSING_TAIL+DIRTY_BARS
MPC,2017-10-16,2026-08-07,2200,9,2201,1,0,1,0,99.95,COLLECTION_ERROR+DIRTY_BARS
MPT,2016-01-15,2026-07-31,2021,3,2633,612,0,612,5,76.76,COLLECTION_ERROR+MISSING_TAIL+DIRTY_BARS
MPY,2017-05-15,2026-08-05,1546,0,2308,762,0,762,2,66.98,COLLECTION_ERROR+MISSING_TAIL
MQB,2017-11-08,2026-06-17,1335,705,2147,812,0,812,37,62.18,COLLECTION_ERROR+MISSING_TAIL+DIRTY_BARS
MQN,2018-06-22,2026-08-05,1772,1,2029,257,0,257,2,87.33,COLLECTION_ERROR+MISSING_TAIL+DIRTY_BARS
MRF,2017-12-12,2026-07-28,1491,5,2152,661,0,661,8,69.28,COLLECTION_ERROR+MISSING_TAIL+DIRTY_BARS
MSB,2020-12-23,2026-08-07,1401,0,1401,0,0,0,0,100.00,FULL
MSH,2018-11-28,2026-08-07,1919,0,1919,0,0,0,0,100.00,FULL
MSN,2016-01-04,2026-08-07,2647,1,2647,0,0,0,0,100.00,DIRTY_BARS
MSR,2016-01-04,2026-08-07,2646,3,2647,1,0,1,0,99.96,COLLECTION_ERROR+DIRTY_BARS
MST,2016-05-10,2026-08-07,2564,0,2564,0,0,0,0,100.00,FULL
MTA,2016-01-04,2026-08-07,2616,19,2647,31,0,31,0,98.83,COLLECTION_ERROR+DIRTY_BARS
MTB,2022-03-24,2024-06-12,320,0,554,234,0,234,538,57.76,COLLECTION_ERROR+MISSING_TAIL
MTG,2016-01-04,2026-07-30,2168,0,2641,473,0,473,6,82.09,COLLECTION_ERROR+MISSING_TAIL
MTH,2016-01-04,2026-07-06,2033,151,2623,590,0,590,24,77.51,COLLECTION_ERROR+MISSING_TAIL+DIRTY_BARS
MTL,2016-05-10,2026-08-07,2347,1,2564,217,0,217,0,91.54,COLLECTION_ERROR+DIRTY_BARS
MTP,2016-01-04,2026-08-07,2206,251,2647,441,0,441,0,83.34,COLLECTION_ERROR+DIRTY_BARS
MTS,2017-04-28,2026-07-28,1746,175,2311,565,0,565,8,75.55,COLLECTION_ERROR+MISSING_TAIL+DIRTY_BARS
MTV,2017-08-16,2026-07-10,1629,4,2223,594,0,594,20,73.28,COLLECTION_ERROR+MISSING_TAIL+DIRTY_BARS
MVB,2020-10-28,2026-08-07,1138,0,1441,303,136,167,0,78.97,COLLECTION_ERROR+NO_TRADING
MVC,2017-03-22,2026-08-07,2325,2,2345,20,0,20,0,99.15,COLLECTION_ERROR+DIRTY_BARS
MVN,2018-10-08,2026-08-07,1877,1,1956,79,0,79,0,95.96,COLLECTION_ERROR+DIRTY_BARS
MWG,2016-01-04,2026-08-07,2647,1,2647,0,0,0,0,100.00,DIRTY_BARS
MZG,2024-11-12,2026-08-07,424,0,432,8,0,8,0,98.15,COLLECTION_ERROR
NAB,2020-10-09,2026-08-07,1448,0,1454,6,0,6,0,99.59,COLLECTION_ERROR
NAC,2017-03-21,2025-07-23,1497,4,2086,589,0,589,260,71.76,COLLECTION_ERROR+MISSING_TAIL+DIRTY_BARS
NAF,2016-01-04,2026-08-07,2647,3,2647,0,0,0,0,100.00,DIRTY_BARS
NAG,2016-01-04,2026-08-07,2556,0,2647,91,90,1,0,96.56,COLLECTION_ERROR+NO_TRADING
NAP,2018-03-27,2026-08-07,548,0,2091,1543,870,673,0,26.21,COLLECTION_ERROR+NO_TRADING
NAS,2017-01-25,2026-08-07,2073,38,2380,307,0,307,0,87.10,COLLECTION_ERROR+DIRTY_BARS
NAU,2018-06-29,2026-08-07,1326,280,2026,700,0,700,0,65.45,COLLECTION_ERROR+DIRTY_BARS
NAV,2016-01-04,2026-08-07,2524,166,2647,123,0,123,0,95.35,COLLECTION_ERROR+DIRTY_BARS
NAW,2017-08-04,2026-08-07,1500,2,2251,751,0,751,0,66.64,COLLECTION_ERROR+DIRTY_BARS
NBB,2016-01-04,2026-08-07,2647,10,2647,0,0,0,0,100.00,DIRTY_BARS
NBC,2016-01-04,2026-08-07,2619,0,2647,28,26,2,0,98.94,COLLECTION_ERROR+NO_TRADING
NBE,2017-08-21,2026-08-07,2178,2,2240,62,0,62,0,97.23,COLLECTION_ERROR+DIRTY_BARS
NBP,2016-01-06,2026-08-06,1517,0,2644,1127,793,334,1,57.38,COLLECTION_ERROR+NO_TRADING+MISSING_TAIL
NBT,2016-06-01,2026-08-07,2207,201,2548,341,0,341,0,86.62,COLLECTION_ERROR+DIRTY_BARS
NBW,2017-11-14,2026-07-02,992,0,2154,1162,746,416,26,46.05,COLLECTION_ERROR+NO_TRADING+MISSING_TAIL
NCG,2023-11-09,2026-08-07,674,0,683,9,0,9,0,98.68,COLLECTION_ERROR
NCS,2016-01-04,2026-08-07,2474,29,2647,173,0,173,0,93.46,COLLECTION_ERROR+DIRTY_BARS
NCT,2016-01-04,2026-08-07,2646,3,2647,1,0,1,0,99.96,COLLECTION_ERROR+DIRTY_BARS
ND2,2016-01-04,2026-08-05,2391,93,2645,254,0,254,2,90.40,COLLECTION_ERROR+MISSING_TAIL+DIRTY_BARS
NDC,2016-01-04,2026-06-23,2150,200,2614,464,0,464,33,82.25,COLLECTION_ERROR+MISSING_TAIL+DIRTY_BARS
NDF,2016-01-04,2024-06-12,1873,3,2109,236,0,236,538,88.81,COLLECTION_ERROR+MISSING_TAIL+DIRTY_BARS
NDN,2016-01-04,2026-08-07,2647,0,2647,0,0,0,0,100.00,FULL
NDP,2016-01-04,2026-07-01,2019,198,2620,601,0,601,27,77.06,COLLECTION_ERROR+MISSING_TAIL+DIRTY_BARS
NDT,2018-09-11,2026-08-07,1892,1,1975,83,0,83,0,95.80,COLLECTION_ERROR+DIRTY_BARS
NDW,2019-06-11,2026-08-06,949,549,1790,841,1,840,1,53.02,COLLECTION_ERROR+NO_TRADING+MISSING_TAIL+DIRTY_BARS
NDX,2016-01-04,2026-08-07,2468,8,2647,179,0,179,0,93.24,COLLECTION_ERROR+DIRTY_BARS
NED,2017-08-18,2026-08-07,2236,1,2241,5,0,5,0,99.78,COLLECTION_ERROR+DIRTY_BARS
NET,2016-01-04,2026-08-07,2463,0,2647,184,129,55,0,93.05,COLLECTION_ERROR+NO_TRADING
NFC,2016-01-08,2026-08-06,871,0,2642,1771,1303,468,1,32.97,COLLECTION_ERROR+NO_TRADING+MISSING_TAIL
NGC,2016-01-04,2025-12-05,1897,1,2482,585,0,585,165,76.43,COLLECTION_ERROR+MISSING_TAIL+DIRTY_BARS
NHA,2016-01-04,2026-08-07,2647,0,2647,0,0,0,0,100.00,FULL
NHC,2016-01-04,2026-06-25,1106,0,2616,1510,947,563,31,42.28,COLLECTION_ERROR+NO_TRADING+MISSING_TAIL
NHD,2026-06-09,2026-08-07,34,0,44,10,0,10,0,77.27,COLLECTION_ERROR
NHH,2017-09-08,2026-08-07,2226,0,2227,1,0,1,0,99.96,COLLECTION_ERROR
NHT,2017-12-01,2026-08-07,2047,5,2167,120,0,120,0,94.46,COLLECTION_ERROR+DIRTY_BARS
NHV,2017-06-14,2025-05-30,1544,5,1990,446,0,446,298,77.59,COLLECTION_ERROR+MISSING_TAIL+DIRTY_BARS
NJC,2020-12-23,2026-08-04,926,0,1398,472,0,472,3,66.24,COLLECTION_ERROR+MISSING_TAIL
NKG,2016-01-04,2026-08-07,2647,1,2647,0,0,0,0,100.00,DIRTY_BARS
NLG,2016-01-04,2026-08-07,2647,1,2647,0,0,0,0,100.00,DIRTY_BARS
NLS,2016-07-29,2026-01-12,1735,158,2365,630,0,630,141,73.36,COLLECTION_ERROR+MISSING_TAIL+DIRTY_BARS
NNC,2016-01-04,2026-08-07,2644,4,2647,3,0,3,0,99.89,COLLECTION_ERROR+DIRTY_BARS
NNT,2016-01-04,2026-08-07,2223,226,2647,424,0,424,0,83.98,COLLECTION_ERROR+DIRTY_BARS
NO1,2022-11-28,2026-08-07,907,0,920,13,0,13,0,98.59,COLLECTION_ERROR
NOS,2016-01-04,2026-08-07,1985,3,2647,662,0,662,0,74.99,COLLECTION_ERROR+DIRTY_BARS
NQB,2016-01-04,2026-08-05,1797,303,2645,848,0,848,2,67.94,COLLECTION_ERROR+MISSING_TAIL+DIRTY_BARS
NQN,2018-06-15,2026-08-07,1407,1,2036,629,0,629,0,69.11,COLLECTION_ERROR+DIRTY_BARS
NRC,2018-04-05,2026-08-07,2084,0,2084,0,0,0,0,100.00,FULL
NSC,2016-01-04,2026-08-07,2567,24,2647,80,0,80,0,96.98,COLLECTION_ERROR+DIRTY_BARS
NSG,2016-05-19,2025-09-19,1793,1,2337,544,0,544,220,76.72,COLLECTION_ERROR+MISSING_TAIL+DIRTY_BARS
NSH,2017-07-31,2026-08-07,2255,3,2255,0,0,0,0,100.00,DIRTY_BARS
NSL,2019-08-29,2026-08-05,1108,0,1732,624,0,624,2,63.97,COLLECTION_ERROR+MISSING_TAIL
NSS,2018-10-30,2024-10-23,1085,101,1495,410,0,410,445,72.58,COLLECTION_ERROR+MISSING_TAIL+DIRTY_BARS
NST,2016-01-05,2026-07-30,1827,0,2640,813,524,289,6,69.20,COLLECTION_ERROR+NO_TRADING+MISSING_TAIL
NT2,2016-01-04,2026-08-07,2647,1,2647,0,0,0,0,100.00,DIRTY_BARS
NTC,2016-12-19,2026-08-07,2397,4,2406,9,0,9,0,99.63,COLLECTION_ERROR+DIRTY_BARS
NTF,2019-07-04,2026-08-03,1094,0,1770,676,1,675,4,61.81,COLLECTION_ERROR+NO_TRADING+MISSING_TAIL
NTH,2019-06-19,2026-08-07,966,0,1785,819,374,445,0,54.12,COLLECTION_ERROR+NO_TRADING
NTL,2016-01-04,2026-08-07,2647,1,2647,0,0,0,0,100.00,DIRTY_BARS
NTP,2016-01-04,2026-08-07,2640,0,2647,7,7,0,0,99.74,NO_TRADING
NTT,2017-12-27,2026-08-07,1745,0,2149,404,0,404,0,81.20,COLLECTION_ERROR
NTW,2016-01-04,2026-08-06,2190,119,2646,456,0,456,1,82.77,COLLECTION_ERROR+MISSING_TAIL+DIRTY_BARS
NUE,2017-02-20,2026-07-21,1995,21,2354,359,0,359,13,84.75,COLLECTION_ERROR+MISSING_TAIL+DIRTY_BARS
NVB,2016-01-04,2026-08-07,2647,62,2647,0,0,0,0,100.00,DIRTY_BARS
NVL,2016-12-28,2026-08-07,2399,1,2399,0,0,0,0,100.00,DIRTY_BARS
NVP,2016-12-15,2026-07-29,1593,436,2401,808,0,808,7,66.35,COLLECTION_ERROR+MISSING_TAIL+DIRTY_BARS
NVT,2016-01-04,2026-08-06,2519,6,2646,127,0,127,1,95.20,COLLECTION_ERROR+MISSING_TAIL+DIRTY_BARS
NWT,2016-03-30,2025-04-08,1769,470,2257,488,0,488,333,78.38,COLLECTION_ERROR+MISSING_TAIL+DIRTY_BARS
NXT,2021-12-09,2026-08-07,1051,0,1161,110,0,110,0,90.53,COLLECTION_ERROR
OCB,2021-01-28,2026-08-07,1376,0,1376,0,0,0,0,100.00,FULL
OCH,2016-01-04,2026-08-07,2643,1,2647,4,0,4,0,99.85,COLLECTION_ERROR+DIRTY_BARS
ODE,2022-01-10,2026-08-07,1140,0,1140,0,0,0,0,100.00,FULL
OGC,2016-01-04,2026-08-07,2647,3,2647,0,0,0,0,100.00,DIRTY_BARS
OIL,2018-03-07,2026-08-07,2104,1,2105,1,0,1,0,99.95,COLLECTION_ERROR+DIRTY_BARS
ONE,2016-01-04,2026-08-07,2595,78,2647,52,0,52,0,98.04,COLLECTION_ERROR+DIRTY_BARS
ONW,2017-02-17,2026-06-12,1531,3,2328,797,0,797,40,65.76,COLLECTION_ERROR+MISSING_TAIL+DIRTY_BARS
OPC,2016-01-04,2026-08-07,2589,47,2647,58,0,58,0,97.81,COLLECTION_ERROR+DIRTY_BARS
ORS,2016-01-04,2026-08-07,2643,59,2647,4,4,0,0,99.85,NO_TRADING+DIRTY_BARS
PAC,2016-01-04,2026-08-07,2632,3,2647,15,0,15,0,99.43,COLLECTION_ERROR+DIRTY_BARS
PAI,2017-01-23,2026-07-31,1613,475,2377,764,0,764,5,67.86,COLLECTION_ERROR+MISSING_TAIL+DIRTY_BARS
PAN,2016-01-04,2026-08-07,2647,1,2647,0,0,0,0,100.00,DIRTY_BARS
PAP,2021-07-16,2026-08-07,1032,0,1263,231,0,231,0,81.71,COLLECTION_ERROR
PAS,2020-09-21,2026-08-07,1468,0,1468,0,0,0,0,100.00,FULL
PAT,2022-06-17,2026-08-07,1017,0,1034,17,0,17,0,98.36,COLLECTION_ERROR
PBC,2019-11-26,2026-08-07,1666,0,1672,6,0,6,0,99.64,COLLECTION_ERROR
PBP,2016-01-04,2026-08-07,2014,0,2647,633,564,69,0,76.09,COLLECTION_ERROR+NO_TRADING
PBT,2019-01-18,2026-07-30,1427,0,1878,451,0,451,6,75.99,COLLECTION_ERROR+MISSING_TAIL
PC1,2016-11-16,2026-08-07,2429,1,2429,0,0,0,0,100.00,DIRTY_BARS
PCC,2017-11-14,2026-08-04,1685,4,2177,492,0,492,3,77.40,COLLECTION_ERROR+MISSING_TAIL+DIRTY_BARS
PCE,2016-01-04,2026-08-06,1746,0,2646,900,692,208,1,65.99,COLLECTION_ERROR+NO_TRADING+MISSING_TAIL
PCF,2017-03-29,2026-08-07,2190,0,2340,150,0,150,0,93.59,COLLECTION_ERROR
PCG,2016-01-04,2026-07-31,2289,1,2642,353,0,353,5,86.64,COLLECTION_ERROR+MISSING_TAIL+DIRTY_BARS
PCH,2022-07-28,2026-08-07,1004,0,1005,1,0,1,0,99.90,COLLECTION_ERROR
PCM,2017-08-10,2026-08-07,1611,5,2247,636,0,636,0,71.70,COLLECTION_ERROR+DIRTY_BARS
PCT,2016-01-04,2026-08-07,2532,107,2647,115,0,115,0,95.66,COLLECTION_ERROR+DIRTY_BARS
PDB,2016-01-04,2026-08-07,2614,9,2647,33,0,33,0,98.75,COLLECTION_ERROR+DIRTY_BARS
PDC,2016-01-04,2026-08-03,2391,1,2643,252,0,252,4,90.47,COLLECTION_ERROR+MISSING_TAIL+DIRTY_BARS
PDN,2016-01-04,2026-08-07,2512,90,2647,135,0,135,0,94.90,COLLECTION_ERROR+DIRTY_BARS
PDR,2016-01-04,2026-08-07,2647,1,2647,0,0,0,0,100.00,DIRTY_BARS
PDV,2017-04-20,2026-08-07,2314,7,2325,11,0,11,0,99.53,COLLECTION_ERROR+DIRTY_BARS
PEG,2018-11-05,2026-08-06,1546,124,1935,389,0,389,1,79.90,COLLECTION_ERROR+MISSING_TAIL+DIRTY_BARS
PEN,2016-01-04,2026-06-02,2028,203,2599,571,0,571,48,78.03,COLLECTION_ERROR+MISSING_TAIL+DIRTY_BARS
PEQ,2016-01-18,2026-08-06,2091,257,2636,545,0,545,1,79.32,COLLECTION_ERROR+MISSING_TAIL+DIRTY_BARS
PET,2016-01-04,2026-08-07,2647,2,2647,0,0,0,0,100.00,DIRTY_BARS
PFL,2016-01-04,2026-08-07,2646,4,2647,1,0,1,0,99.96,COLLECTION_ERROR+DIRTY_BARS
PGB,2020-12-24,2026-08-07,1394,0,1400,6,0,6,0,99.57,COLLECTION_ERROR
PGC,2016-01-04,2026-08-07,2646,5,2647,1,0,1,0,99.96,COLLECTION_ERROR+DIRTY_BARS
PGD,2016-01-04,2026-08-07,2606,11,2647,41,0,41,0,98.45,COLLECTION_ERROR+DIRTY_BARS
PGI,2016-01-04,2026-08-07,2450,16,2647,197,0,197,0,92.56,COLLECTION_ERROR+DIRTY_BARS
PGN,2019-07-04,2026-08-07,1743,0,1774,31,4,27,0,98.25,COLLECTION_ERROR+NO_TRADING
PGS,2016-01-04,2026-08-06,2318,0,2646,328,64,264,1,87.60,COLLECTION_ERROR+NO_TRADING+MISSING_TAIL
PGT,2016-01-04,2026-08-05,2512,1,2645,133,0,133,2,94.97,COLLECTION_ERROR+MISSING_TAIL+DIRTY_BARS
PGV,2018-03-21,2026-08-07,2093,4,2095,2,0,2,0,99.90,COLLECTION_ERROR+DIRTY_BARS
PHC,2016-01-04,2026-08-07,2641,4,2647,6,6,0,0,99.77,NO_TRADING+DIRTY_BARS
PHH,2016-01-04,2026-07-31,1896,0,2642,746,0,746,5,71.76,COLLECTION_ERROR+MISSING_TAIL
PHN,2019-03-13,2026-07-27,777,0,1842,1065,542,523,9,42.18,COLLECTION_ERROR+NO_TRADING+MISSING_TAIL
PHP,2016-01-04,2026-08-07,2418,0,2647,229,226,3,0,91.35,COLLECTION_ERROR+NO_TRADING
PHR,2016-01-04,2026-08-07,2647,2,2647,0,0,0,0,100.00,DIRTY_BARS
PHS,2019-07-11,2026-08-07,1239,0,1769,530,0,530,0,70.04,COLLECTION_ERROR
PIA,2019-09-06,2026-06-05,962,0,1684,722,297,425,45,57.13,COLLECTION_ERROR+NO_TRADING+MISSING_TAIL
PIC,2017-01-09,2026-08-07,1862,0,2392,530,303,227,0,77.84,COLLECTION_ERROR+NO_TRADING
PID,2016-01-04,2024-06-12,1811,152,2109,298,0,298,538,85.87,COLLECTION_ERROR+MISSING_TAIL+DIRTY_BARS
PIS,2016-01-12,2026-08-07,1955,266,2641,686,0,686,0,74.02,COLLECTION_ERROR+DIRTY_BARS
PIT,2016-01-04,2026-08-07,2621,8,2647,26,0,26,0,99.02,COLLECTION_ERROR+DIRTY_BARS
PIV,2016-01-04,2026-08-07,2492,3,2647,155,5,150,0,94.14,COLLECTION_ERROR+NO_TRADING+DIRTY_BARS
PJC,2016-01-13,2026-08-07,1019,0,2640,1621,1093,528,0,38.60,COLLECTION_ERROR+NO_TRADING
PJS,2016-01-04,2026-08-03,2056,180,2643,587,0,587,4,77.79,COLLECTION_ERROR+MISSING_TAIL+DIRTY_BARS
PJT,2016-01-04,2026-08-07,2440,32,2647,207,0,207,0,92.18,COLLECTION_ERROR+DIRTY_BARS
PLA,2017-11-20,2026-06-25,1800,7,2145,345,0,345,31,83.92,COLLECTION_ERROR+MISSING_TAIL+DIRTY_BARS
PLC,2016-01-04,2026-08-07,2626,0,2647,21,21,0,0,99.21,NO_TRADING
PLE,2021-01-07,2025-12-04,653,0,1225,572,0,572,166,53.31,COLLECTION_ERROR+MISSING_TAIL
PLO,2020-05-08,2026-08-07,1123,0,1563,440,0,440,0,71.85,COLLECTION_ERROR
PLP,2017-08-21,2026-08-07,2239,7,2240,1,0,1,0,99.96,COLLECTION_ERROR+DIRTY_BARS
PLX,2017-04-21,2026-08-07,2324,1,2324,0,0,0,0,100.00,DIRTY_BARS
PMB,2016-01-04,2026-08-07,2559,157,2647,88,0,88,0,96.68,COLLECTION_ERROR+DIRTY_BARS
PMC,2016-01-04,2026-08-07,2322,0,2647,325,217,108,0,87.72,COLLECTION_ERROR+NO_TRADING
PMG,2018-01-25,2026-08-07,1844,0,2129,285,0,285,0,86.61,COLLECTION_ERROR
PMJ,2016-06-29,2026-08-04,1858,188,2525,667,0,667,3,73.58,COLLECTION_ERROR+MISSING_TAIL+DIRTY_BARS
PMP,2016-01-13,2026-08-03,1080,0,2636,1556,1059,497,4,40.97,COLLECTION_ERROR+NO_TRADING+MISSING_TAIL
PMS,2016-01-04,2026-07-30,1983,0,2641,658,411,247,6,75.09,COLLECTION_ERROR+NO_TRADING+MISSING_TAIL
PMT,2016-01-04,2026-07-21,2017,213,2634,617,0,617,13,76.58,COLLECTION_ERROR+MISSING_TAIL+DIRTY_BARS
PMW,2019-07-17,2026-08-05,1198,0,1763,565,0,565,2,67.95,COLLECTION_ERROR+MISSING_TAIL
PNC,2016-01-04,2026-07-28,2321,201,2639,318,0,318,8,87.95,COLLECTION_ERROR+MISSING_TAIL+DIRTY_BARS
PND,2017-02-20,2026-07-13,1813,0,2348,535,0,535,19,77.21,COLLECTION_ERROR+MISSING_TAIL
PNG,2016-04-05,2026-07-21,1848,3,2573,725,0,725,13,71.82,COLLECTION_ERROR+MISSING_TAIL+DIRTY_BARS
PNJ,2016-01-04,2026-08-07,2647,1,2647,0,0,0,0,100.00,DIRTY_BARS
PNP,2019-05-17,2026-07-17,1378,0,1793,415,1,414,15,76.85,COLLECTION_ERROR+NO_TRADING+MISSING_TAIL
PNT,2017-01-12,2026-08-06,1733,35,2388,655,2,653,1,72.57,COLLECTION_ERROR+NO_TRADING+MISSING_TAIL+DIRTY_BARS
POB,2017-09-29,2026-07-09,1445,3,2191,746,0,746,21,65.95,COLLECTION_ERROR+MISSING_TAIL+DIRTY_BARS
POM,2016-01-04,2026-08-07,2203,3,2647,444,0,444,0,83.23,COLLECTION_ERROR+DIRTY_BARS
POS,2016-11-25,2026-08-07,2374,16,2422,48,0,48,0,98.02,COLLECTION_ERROR+DIRTY_BARS
POT,2016-01-04,2026-08-07,2035,0,2647,612,396,216,0,76.88,COLLECTION_ERROR+NO_TRADING
POV,2016-01-04,2026-08-07,2428,231,2647,219,0,219,0,91.73,COLLECTION_ERROR+DIRTY_BARS
POW,2018-03-06,2026-08-07,2096,1,2106,10,9,1,0,99.53,COLLECTION_ERROR+NO_TRADING+DIRTY_BARS
PPC,2016-01-04,2026-08-07,2647,1,2647,0,0,0,0,100.00,DIRTY_BARS
PPE,2016-01-04,2026-07-27,1997,1,2638,641,0,641,9,75.70,COLLECTION_ERROR+MISSING_TAIL+DIRTY_BARS
PPH,2017-08-23,2026-08-07,2237,11,2238,1,0,1,0,99.96,COLLECTION_ERROR+DIRTY_BARS
PPI,2016-01-04,2024-06-12,1918,3,2109,191,5,186,538,90.94,COLLECTION_ERROR+NO_TRADING+MISSING_TAIL+DIRTY_BARS
PPP,2016-01-07,2026-08-07,1713,0,2644,931,707,224,0,64.79,COLLECTION_ERROR+NO_TRADING
PPS,2016-01-04,2026-07-24,2427,87,2637,210,0,210,10,92.04,COLLECTION_ERROR+MISSING_TAIL+DIRTY_BARS
PPT,2022-06-17,2026-08-07,1025,0,1034,9,0,9,0,99.13,COLLECTION_ERROR
PPY,2016-03-04,2026-08-07,1126,0,2608,1482,1086,396,0,43.17,COLLECTION_ERROR+NO_TRADING
PQN,2024-06-03,2024-06-12,8,0,8,0,0,0,538,100.00,MISSING_TAIL
PRC,2016-01-07,2026-08-07,977,0,2644,1667,1524,143,0,36.95,COLLECTION_ERROR+NO_TRADING
PRE,2020-12-24,2026-08-07,1223,0,1400,177,66,111,0,87.36,COLLECTION_ERROR+NO_TRADING
PRO,2016-01-04,2026-08-07,2102,2,2647,545,0,545,0,79.41,COLLECTION_ERROR+DIRTY_BARS
PRT,2018-05-07,2026-08-07,1998,1,2065,67,0,67,0,96.76,COLLECTION_ERROR+DIRTY_BARS
PSB,2016-01-04,2026-08-07,2626,4,2647,21,0,21,0,99.21,COLLECTION_ERROR+DIRTY_BARS
PSC,2016-01-15,2026-08-06,1051,0,2637,1586,994,592,1,39.86,COLLECTION_ERROR+NO_TRADING+MISSING_TAIL
PSD,2016-01-04,2026-08-07,2356,0,2647,291,275,16,0,89.01,COLLECTION_ERROR+NO_TRADING
PSE,2016-01-04,2026-08-06,1859,0,2646,787,597,190,1,70.26,COLLECTION_ERROR+NO_TRADING+MISSING_TAIL
PSH,2020-06-24,2025-03-11,1178,0,1178,0,0,0,352,100.00,MISSING_TAIL
PSI,2016-01-04,2026-08-07,2641,3,2647,6,0,6,0,99.77,COLLECTION_ERROR+DIRTY_BARS
PSL,2016-01-04,2026-08-07,2414,196,2647,233,0,233,0,91.20,COLLECTION_ERROR+DIRTY_BARS
PSN,2017-06-29,2026-07-22,1558,0,2265,707,0,707,12,68.79,COLLECTION_ERROR+MISSING_TAIL
PSP,2016-01-04,2026-08-06,2437,53,2646,209,0,209,1,92.10,COLLECTION_ERROR+MISSING_TAIL+DIRTY_BARS
PSW,2016-01-04,2026-08-07,1692,0,2647,955,868,87,0,63.92,COLLECTION_ERROR+NO_TRADING
PTB,2016-01-04,2026-08-07,2647,2,2647,0,0,0,0,100.00,DIRTY_BARS
PTC,2016-01-04,2026-08-07,2630,15,2647,17,0,17,0,99.36,COLLECTION_ERROR+DIRTY_BARS
PTD,2016-01-04,2026-07-21,650,0,2634,1984,1394,590,13,24.68,COLLECTION_ERROR+NO_TRADING+MISSING_TAIL
PTE,2016-01-04,2026-04-10,1910,0,2565,655,0,655,82,74.46,COLLECTION_ERROR+MISSING_TAIL
PTG,2016-01-04,2026-06-30,1794,649,2619,825,0,825,28,68.50,COLLECTION_ERROR+MISSING_TAIL+DIRTY_BARS
PTH,2016-01-04,2026-07-06,1896,283,2623,727,0,727,24,72.28,COLLECTION_ERROR+MISSING_TAIL+DIRTY_BARS
PTI,2016-01-04,2026-08-06,2515,75,2646,131,0,131,1,95.05,COLLECTION_ERROR+MISSING_TAIL+DIRTY_BARS
PTL,2016-01-04,2026-08-07,2647,3,2647,0,0,0,0,100.00,DIRTY_BARS
PTM,2016-01-04,2026-08-05,1749,755,2645,896,150,746,2,66.12,COLLECTION_ERROR+NO_TRADING+MISSING_TAIL+DIRTY_BARS
PTO,2017-06-20,2026-05-18,1541,119,2225,684,0,684,59,69.26,COLLECTION_ERROR+MISSING_TAIL+DIRTY_BARS
PTP,2016-01-04,2026-07-27,2037,237,2638,601,0,601,9,77.22,COLLECTION_ERROR+MISSING_TAIL+DIRTY_BARS
PTS,2016-01-04,2026-08-07,1991,0,2647,656,432,224,0,75.22,COLLECTION_ERROR+NO_TRADING
PTT,2016-01-04,2026-08-07,2250,162,2647,397,0,397,0,85.00,COLLECTION_ERROR+DIRTY_BARS
PTV,2019-11-05,2026-08-07,1682,3,1687,5,0,5,0,99.70,COLLECTION_ERROR+DIRTY_BARS
PTX,2018-07-30,2026-07-09,1492,1,1984,492,0,492,21,75.20,COLLECTION_ERROR+MISSING_TAIL+DIRTY_BARS
PV2,2016-01-04,2026-08-07,2647,0,2647,0,0,0,0,100.00,FULL
PVB,2016-01-04,2026-08-07,2647,0,2647,0,0,0,0,100.00,FULL
PVC,2016-01-04,2026-08-07,2644,0,2647,3,3,0,0,99.89,NO_TRADING
PVD,2016-01-04,2026-08-07,2647,1,2647,0,0,0,0,100.00,DIRTY_BARS
PVE,2016-01-04,2026-08-07,1961,0,2647,686,0,686,0,74.08,COLLECTION_ERROR
PVG,2016-01-04,2026-08-07,2615,0,2647,32,31,1,0,98.79,COLLECTION_ERROR+NO_TRADING
PVH,2017-05-19,2026-08-07,1683,0,2306,623,0,623,0,72.98,COLLECTION_ERROR
PVI,2016-01-04,2026-08-07,2647,0,2647,0,0,0,0,100.00,FULL
PVL,2016-01-04,2026-08-07,2030,3,2647,617,0,617,0,76.69,COLLECTION_ERROR+DIRTY_BARS
PVM,2016-12-20,2026-08-07,2332,2,2405,73,0,73,0,96.96,COLLECTION_ERROR+DIRTY_BARS
PVO,2016-01-12,2026-08-07,2633,120,2641,8,0,8,0,99.70,COLLECTION_ERROR+DIRTY_BARS
PVP,2016-12-20,2026-08-07,2403,43,2405,2,0,2,0,99.92,COLLECTION_ERROR+DIRTY_BARS
PVR,2016-01-04,2026-08-07,2022,3,2647,625,5,620,0,76.39,COLLECTION_ERROR+NO_TRADING+DIRTY_BARS
PVS,2016-01-04,2026-08-07,2647,0,2647,0,0,0,0,100.00,FULL
PVT,2016-01-04,2026-08-07,2647,1,2647,0,0,0,0,100.00,DIRTY_BARS
PVV,2016-01-04,2026-08-07,2023,3,2647,624,6,618,0,76.43,COLLECTION_ERROR+NO_TRADING+DIRTY_BARS
PVX,2016-01-04,2026-08-07,2031,3,2647,616,0,616,0,76.73,COLLECTION_ERROR+DIRTY_BARS
PVY,2017-12-29,2026-08-07,1524,3,2147,623,0,623,0,70.98,COLLECTION_ERROR+DIRTY_BARS
PWA,2019-06-11,2026-08-05,1764,0,1789,25,0,25,2,98.60,COLLECTION_ERROR+MISSING_TAIL
PWS,2017-06-30,2026-07-24,1686,0,2266,580,0,580,10,74.40,COLLECTION_ERROR+MISSING_TAIL
PXA,2016-01-04,2026-08-07,2015,4,2647,632,6,626,0,76.12,COLLECTION_ERROR+NO_TRADING+DIRTY_BARS
PXI,2016-01-04,2026-08-07,2379,5,2647,268,0,268,0,89.88,COLLECTION_ERROR+DIRTY_BARS
PXL,2016-01-04,2026-08-07,2639,4,2647,8,6,2,0,99.70,COLLECTION_ERROR+NO_TRADING+DIRTY_BARS
PXM,2016-01-04,2026-08-07,2026,3,2647,621,0,621,0,76.54,COLLECTION_ERROR+DIRTY_BARS
PXS,2016-01-04,2026-08-07,2195,5,2647,452,0,452,0,82.92,COLLECTION_ERROR+DIRTY_BARS
PXT,2016-01-04,2026-08-07,2379,9,2647,268,0,268,0,89.88,COLLECTION_ERROR+DIRTY_BARS
QBS,2016-01-04,2026-08-07,2203,3,2647,444,0,444,0,83.23,COLLECTION_ERROR+DIRTY_BARS
QCC,2016-01-04,2026-08-06,2105,162,2646,541,0,541,1,79.55,COLLECTION_ERROR+MISSING_TAIL+DIRTY_BARS
QCG,2016-01-04,2026-08-07,2647,4,2647,0,0,0,0,100.00,DIRTY_BARS
QHD,2016-01-04,2026-07-13,1263,0,2628,1365,620,745,19,48.06,COLLECTION_ERROR+NO_TRADING+MISSING_TAIL
QHW,2016-12-22,2026-08-06,2012,55,2402,390,0,390,1,83.76,COLLECTION_ERROR+MISSING_TAIL+DIRTY_BARS
QNC,2016-01-04,2026-08-07,2507,3,2647,140,0,140,0,94.71,COLLECTION_ERROR+DIRTY_BARS
QNP,2024-01-18,2026-08-07,556,0,634,78,0,78,0,87.70,COLLECTION_ERROR
QNS,2016-12-20,2026-08-07,2403,1,2405,2,0,2,0,99.92,COLLECTION_ERROR+DIRTY_BARS
QNT,2021-01-22,2026-08-06,887,0,1379,492,0,492,1,64.32,COLLECTION_ERROR+MISSING_TAIL
QNU,2017-02-28,2026-07-13,1544,16,2342,798,0,798,19,65.93,COLLECTION_ERROR+MISSING_TAIL+DIRTY_BARS
QNW,2016-12-26,2026-08-06,1697,621,2400,703,0,703,1,70.71,COLLECTION_ERROR+MISSING_TAIL+DIRTY_BARS
QPH,2016-01-04,2026-08-07,2256,235,2647,391,0,391,0,85.23,COLLECTION_ERROR+DIRTY_BARS
QSP,2016-09-23,2026-07-30,2128,116,2461,333,0,333,6,86.47,COLLECTION_ERROR+MISSING_TAIL+DIRTY_BARS
QST,2016-03-04,2026-08-06,278,0,2607,2329,1612,717,1,10.66,COLLECTION_ERROR+NO_TRADING+MISSING_TAIL
QTC,2016-01-04,2026-08-07,1388,0,2647,1259,724,535,0,52.44,COLLECTION_ERROR+NO_TRADING
QTP,2017-03-16,2026-08-07,2347,8,2349,2,0,2,0,99.91,COLLECTION_ERROR+DIRTY_BARS
RAL,2016-01-04,2026-08-07,2642,4,2647,5,0,5,0,99.81,COLLECTION_ERROR+DIRTY_BARS
RAT,2016-08-15,2026-07-29,1778,128,2488,710,0,710,7,71.46,COLLECTION_ERROR+MISSING_TAIL+DIRTY_BARS
RBC,2016-02-18,2026-08-05,2145,674,2617,472,0,472,2,81.96,COLLECTION_ERROR+MISSING_TAIL+DIRTY_BARS
RCC,2016-12-02,2026-07-24,1996,22,2407,411,0,411,10,82.92,COLLECTION_ERROR+MISSING_TAIL+DIRTY_BARS
RCD,2016-01-04,2026-06-05,1983,4,2602,619,0,619,45,76.21,COLLECTION_ERROR+MISSING_TAIL+DIRTY_BARS
RCL,2016-01-04,2026-08-04,1974,0,2644,670,473,197,3,74.66,COLLECTION_ERROR+NO_TRADING+MISSING_TAIL
REE,2016-01-04,2026-08-07,2647,1,2647,0,0,0,0,100.00,DIRTY_BARS
RGG,2025-10-30,2026-08-06,70,0,191,121,0,121,1,36.65,COLLECTION_ERROR+MISSING_TAIL
RIC,2016-01-04,2026-08-07,2411,6,2647,236,0,236,0,91.08,COLLECTION_ERROR+DIRTY_BARS
RTB,2016-11-07,2026-08-07,2283,69,2436,153,0,153,0,93.72,COLLECTION_ERROR+DIRTY_BARS
RYG,2024-12-12,2026-08-07,400,0,410,10,0,10,0,97.56,COLLECTION_ERROR
S12,2016-01-04,2026-08-07,1937,17,2647,710,5,705,0,73.18,COLLECTION_ERROR+NO_TRADING+DIRTY_BARS
S4A,2016-05-27,2026-08-04,2221,42,2548,327,0,327,3,87.17,COLLECTION_ERROR+MISSING_TAIL+DIRTY_BARS
S55,2016-01-04,2026-08-06,2149,10,2646,497,0,497,1,81.22,COLLECTION_ERROR+MISSING_TAIL+DIRTY_BARS
S72,2018-05-22,2026-07-28,1392,1,2046,654,0,654,8,68.04,COLLECTION_ERROR+MISSING_TAIL+DIRTY_BARS
S74,2016-01-04,2026-07-06,2045,0,2623,578,0,578,24,77.96,COLLECTION_ERROR+MISSING_TAIL
S99,2016-01-04,2026-08-07,2615,0,2647,32,25,7,0,98.79,COLLECTION_ERROR+NO_TRADING
SAB,2016-12-06,2026-08-07,2415,1,2415,0,0,0,0,100.00,DIRTY_BARS
SAC,2016-11-08,2026-08-06,2304,38,2434,130,0,130,1,94.66,COLLECTION_ERROR+MISSING_TAIL+DIRTY_BARS
SAF,2016-01-05,2026-08-07,1382,0,2646,1264,989,275,0,52.23,COLLECTION_ERROR+NO_TRADING
SAL,2017-10-20,2026-07-06,1348,353,2173,825,0,825,24,62.03,COLLECTION_ERROR+MISSING_TAIL+DIRTY_BARS
SAM,2016-01-04,2026-08-07,2647,1,2647,0,0,0,0,100.00,DIRTY_BARS
SAS,2016-01-04,2026-08-07,2641,11,2647,6,0,6,0,99.77,COLLECTION_ERROR+DIRTY_BARS
SAV,2016-01-04,2026-08-07,2612,84,2647,35,0,35,0,98.68,COLLECTION_ERROR+DIRTY_BARS
SB1,2016-12-26,2026-08-07,1988,13,2401,413,0,413,0,82.80,COLLECTION_ERROR+DIRTY_BARS
SBA,2016-01-04,2026-08-07,2629,11,2647,18,0,18,0,99.32,COLLECTION_ERROR+DIRTY_BARS
SBB,2023-12-12,2026-08-07,624,0,660,36,0,36,0,94.55,COLLECTION_ERROR
SBC,2019-07-11,2024-06-12,910,753,1231,321,2,319,538,73.92,COLLECTION_ERROR+NO_TRADING+MISSING_TAIL+DIRTY_BARS
SBD,2017-02-16,2026-08-07,2199,17,2369,170,0,170,0,92.82,COLLECTION_ERROR+DIRTY_BARS
SBG,2023-12-01,2026-08-07,667,0,667,0,0,0,0,100.00,FULL
SBH,2018-06-07,2026-08-07,1813,7,2042,229,0,229,0,88.79,COLLECTION_ERROR+DIRTY_BARS
SBL,2017-01-23,2026-08-06,2080,18,2381,301,0,301,1,87.36,COLLECTION_ERROR+MISSING_TAIL+DIRTY_BARS
SBM,2017-09-21,2026-08-05,1585,5,2216,631,1,630,2,71.53,COLLECTION_ERROR+NO_TRADING+MISSING_TAIL+DIRTY_BARS
SBR,2020-12-21,2026-07-31,865,0,1398,533,0,533,5,61.87,COLLECTION_ERROR+MISSING_TAIL
SBS,2016-01-04,2026-08-07,2645,4,2647,2,0,2,0,99.92,COLLECTION_ERROR+DIRTY_BARS
SBT,2016-01-04,2026-08-07,2647,1,2647,0,0,0,0,100.00,DIRTY_BARS
SBV,2017-05-16,2026-08-06,2236,2,2308,72,0,72,1,96.88,COLLECTION_ERROR+MISSING_TAIL+DIRTY_BARS
SC5,2016-01-04,2026-08-07,2348,69,2647,299,0,299,0,88.70,COLLECTION_ERROR+DIRTY_BARS
SCC,2016-01-04,2026-06-26,2083,2,2617,534,0,534,30,79.59,COLLECTION_ERROR+MISSING_TAIL+DIRTY_BARS
SCD,2016-01-04,2026-08-07,2116,0,2647,531,0,531,0,79.94,COLLECTION_ERROR
SCG,2021-04-12,2026-08-07,1329,0,1329,0,0,0,0,100.00,FULL
SCI,2016-01-05,2026-08-07,2645,238,2646,1,0,1,0,99.96,COLLECTION_ERROR+DIRTY_BARS
SCJ,2016-01-04,2026-08-07,2578,3,2647,69,5,64,0,97.39,COLLECTION_ERROR+NO_TRADING+DIRTY_BARS
SCL,2016-01-04,2026-08-07,2644,76,2647,3,0,3,0,99.89,COLLECTION_ERROR+DIRTY_BARS
SCO,2016-01-04,2026-07-31,1822,0,2642,820,0,820,5,68.96,COLLECTION_ERROR+MISSING_TAIL
SCR,2016-01-04,2026-08-07,2642,1,2647,5,5,0,0,99.81,NO_TRADING+DIRTY_BARS
SCS,2017-07-12,2026-08-07,2261,1,2268,7,6,1,0,99.69,COLLECTION_ERROR+NO_TRADING+DIRTY_BARS
SD2,2016-01-04,2026-08-04,2365,7,2644,279,0,279,3,89.45,COLLECTION_ERROR+MISSING_TAIL+DIRTY_BARS
SD3,2016-01-04,2026-08-07,2521,2,2647,126,0,126,0,95.24,COLLECTION_ERROR+DIRTY_BARS
SD4,2016-01-04,2026-07-10,2196,3,2627,431,0,431,20,83.59,COLLECTION_ERROR+MISSING_TAIL+DIRTY_BARS
SD5,2016-01-04,2026-08-07,2596,3,2647,51,0,51,0,98.07,COLLECTION_ERROR+DIRTY_BARS
SD6,2016-01-04,2026-08-07,2313,2,2647,334,0,334,0,87.38,COLLECTION_ERROR+DIRTY_BARS
SD7,2016-01-04,2026-07-10,2024,1,2627,603,5,598,20,77.05,COLLECTION_ERROR+NO_TRADING+MISSING_TAIL+DIRTY_BARS
SD8,2016-01-04,2024-06-12,1891,0,2109,218,0,218,538,89.66,COLLECTION_ERROR+MISSING_TAIL
SD9,2016-01-04,2026-08-07,2625,3,2647,22,0,22,0,99.17,COLLECTION_ERROR+DIRTY_BARS
SDA,2016-01-04,2026-08-07,2439,0,2647,208,0,208,0,92.14,COLLECTION_ERROR
SDC,2016-01-05,2026-07-09,555,0,2625,2070,1435,635,21,21.14,COLLECTION_ERROR+NO_TRADING+MISSING_TAIL
SDD,2016-01-04,2026-08-07,2368,3,2647,279,8,271,0,89.46,COLLECTION_ERROR+NO_TRADING+DIRTY_BARS
SDG,2016-01-04,2026-08-06,2103,254,2646,543,0,543,1,79.48,COLLECTION_ERROR+MISSING_TAIL+DIRTY_BARS
SDK,2016-01-04,2026-08-07,2188,123,2647,459,0,459,0,82.66,COLLECTION_ERROR+DIRTY_BARS
SDN,2016-01-06,2026-08-03,904,0,2641,1737,1196,541,4,34.23,COLLECTION_ERROR+NO_TRADING+MISSING_TAIL
SDP,2016-01-04,2026-08-07,2017,3,2647,630,6,624,0,76.20,COLLECTION_ERROR+NO_TRADING+DIRTY_BARS
SDT,2016-01-04,2026-08-07,2615,26,2647,32,0,32,0,98.79,COLLECTION_ERROR+DIRTY_BARS
SDU,2016-01-04,2026-08-04,2066,3,2644,578,0,578,3,78.14,COLLECTION_ERROR+MISSING_TAIL+DIRTY_BARS
SDV,2016-01-04,2026-08-07,2272,230,2647,375,0,375,0,85.83,COLLECTION_ERROR+DIRTY_BARS
SDY,2016-01-04,2026-08-07,1882,157,2647,765,5,760,0,71.10,COLLECTION_ERROR+NO_TRADING+DIRTY_BARS
SEA,2016-12-23,2026-08-07,2236,15,2402,166,0,166,0,93.09,COLLECTION_ERROR+DIRTY_BARS
SEB,2016-01-06,2026-08-06,1599,0,2644,1045,751,294,1,60.48,COLLECTION_ERROR+NO_TRADING+MISSING_TAIL
SED,2016-01-06,2026-08-07,2316,0,2645,329,268,61,0,87.56,COLLECTION_ERROR+NO_TRADING
SEP,2017-02-06,2026-08-07,1853,35,2377,524,0,524,0,77.96,COLLECTION_ERROR+DIRTY_BARS
SFC,2016-01-04,2026-07-27,2310,138,2638,328,0,328,9,87.57,COLLECTION_ERROR+MISSING_TAIL+DIRTY_BARS
SFG,2016-01-04,2026-08-05,2594,8,2645,51,0,51,2,98.07,COLLECTION_ERROR+MISSING_TAIL+DIRTY_BARS
SFI,2016-01-04,2026-08-05,2557,12,2645,88,0,88,2,96.67,COLLECTION_ERROR+MISSING_TAIL+DIRTY_BARS
SFN,2016-01-13,2026-08-07,1222,0,2640,1418,804,614,0,46.29,COLLECTION_ERROR+NO_TRADING
SGB,2020-10-15,2026-08-07,1436,0,1450,14,0,14,0,99.03,COLLECTION_ERROR
SGC,2016-01-04,2026-08-07,2375,186,2647,272,0,272,0,89.72,COLLECTION_ERROR+DIRTY_BARS
SGD,2016-01-05,2026-07-22,1096,0,2634,1538,919,619,12,41.61,COLLECTION_ERROR+NO_TRADING+MISSING_TAIL
SGH,2016-01-06,2026-07-31,945,0,2640,1695,1055,640,5,35.80,COLLECTION_ERROR+NO_TRADING+MISSING_TAIL
SGI,2021-09-14,2026-08-07,964,0,1223,259,0,259,0,78.82,COLLECTION_ERROR
SGN,2016-01-04,2026-08-07,2631,72,2647,16,7,9,0,99.40,COLLECTION_ERROR+NO_TRADING+DIRTY_BARS
SGP,2016-04-25,2026-08-07,2571,17,2573,2,0,2,0,99.92,COLLECTION_ERROR+DIRTY_BARS
SGR,2016-01-04,2026-08-07,2641,176,2647,6,5,1,0,99.77,COLLECTION_ERROR+NO_TRADING+DIRTY_BARS
SGS,2016-01-04,2026-08-06,2082,141,2646,564,0,564,1,78.68,COLLECTION_ERROR+MISSING_TAIL+DIRTY_BARS
SGT,2016-01-04,2026-08-07,2643,113,2647,4,0,4,0,99.85,COLLECTION_ERROR+DIRTY_BARS
SHA,2016-01-04,2026-08-07,2622,7,2647,25,5,20,0,99.06,COLLECTION_ERROR+NO_TRADING+DIRTY_BARS
SHB,2016-01-04,2026-08-07,2647,0,2647,0,0,0,0,100.00,FULL
SHC,2017-10-13,2026-07-24,1785,16,2192,407,0,407,10,81.43,COLLECTION_ERROR+MISSING_TAIL+DIRTY_BARS
SHE,2019-01-25,2026-08-07,1796,0,1879,83,48,35,0,95.58,COLLECTION_ERROR+NO_TRADING
SHI,2016-01-04,2026-08-07,2647,1,2647,0,0,0,0,100.00,DIRTY_BARS
SHN,2016-01-04,2026-08-07,2615,3,2647,32,0,32,0,98.79,COLLECTION_ERROR+DIRTY_BARS
SHP,2016-01-04,2026-08-07,2640,24,2647,7,0,7,0,99.74,COLLECTION_ERROR+DIRTY_BARS
SHS,2016-01-04,2026-08-07,2647,0,2647,0,0,0,0,100.00,FULL
SID,2017-01-09,2026-08-07,2285,0,2392,107,1,106,0,95.53,COLLECTION_ERROR+NO_TRADING
SIG,2019-10-10,2026-07-22,1164,0,1693,529,0,529,12,68.75,COLLECTION_ERROR+MISSING_TAIL
SII,2016-01-04,2026-06-26,2089,1,2617,528,0,528,30,79.82,COLLECTION_ERROR+MISSING_TAIL+DIRTY_BARS
SIP,2019-06-06,2026-08-07,1789,0,1794,5,0,5,0,99.72,COLLECTION_ERROR
SIV,2017-05-23,2026-08-06,1916,1,2303,387,0,387,1,83.20,COLLECTION_ERROR+MISSING_TAIL+DIRTY_BARS
SJ1,2016-01-07,2026-08-05,1559,0,2642,1083,683,400,2,59.01,COLLECTION_ERROR+NO_TRADING+MISSING_TAIL
SJD,2016-01-04,2026-08-07,2647,5,2647,0,0,0,0,100.00,DIRTY_BARS
SJE,2016-01-04,2026-08-07,2065,0,2647,582,510,72,0,78.01,COLLECTION_ERROR+NO_TRADING
SJF,2017-07-05,2024-06-12,1635,3,1735,100,0,100,538,94.24,COLLECTION_ERROR+MISSING_TAIL+DIRTY_BARS
SJG,2018-02-12,2026-08-07,1881,0,2117,236,0,236,0,88.85,COLLECTION_ERROR
SJM,2016-01-04,2026-08-07,2447,3,2647,200,0,200,0,92.44,COLLECTION_ERROR+DIRTY_BARS
SJS,2016-01-04,2026-08-07,2647,3,2647,0,0,0,0,100.00,DIRTY_BARS
SKG,2016-01-04,2026-08-07,2647,1,2647,0,0,0,0,100.00,DIRTY_BARS
SKH,2017-10-25,2026-08-07,2047,1,2194,147,0,147,0,93.30,COLLECTION_ERROR+DIRTY_BARS
SKN,2018-10-10,2026-07-15,1409,0,1937,528,0,528,17,72.74,COLLECTION_ERROR+MISSING_TAIL
SKV,2017-11-03,2026-08-07,2142,5,2187,45,0,45,0,97.94,COLLECTION_ERROR+DIRTY_BARS
SLD,2025-08-15,2026-07-08,59,0,222,163,0,163,22,26.58,COLLECTION_ERROR+MISSING_TAIL
SLS,2016-01-04,2026-08-07,2627,0,2647,20,17,3,0,99.24,COLLECTION_ERROR+NO_TRADING
SMA,2016-01-04,2026-08-03,2307,24,2643,336,0,336,4,87.29,COLLECTION_ERROR+MISSING_TAIL+DIRTY_BARS
SMB,2016-01-04,2026-08-07,2627,19,2647,20,14,6,0,99.24,COLLECTION_ERROR+NO_TRADING+DIRTY_BARS
SMC,2016-01-04,2026-08-07,2647,7,2647,0,0,0,0,100.00,DIRTY_BARS
SMN,2016-01-04,2026-08-07,1364,0,2647,1283,897,386,0,51.53,COLLECTION_ERROR+NO_TRADING
SMT,2016-01-04,2026-07-31,2569,0,2642,73,0,73,5,97.24,COLLECTION_ERROR+MISSING_TAIL
SNC,2016-01-04,2026-07-23,1960,126,2636,676,0,676,11,74.36,COLLECTION_ERROR+MISSING_TAIL+DIRTY_BARS
SNZ,2017-11-20,2026-08-07,2110,5,2176,66,0,66,0,96.97,COLLECTION_ERROR+DIRTY_BARS
SP2,2016-09-30,2026-08-07,2022,5,2462,440,0,440,0,82.13,COLLECTION_ERROR+DIRTY_BARS
SPB,2016-10-17,2026-04-20,1746,100,2375,629,0,629,76,73.52,COLLECTION_ERROR+MISSING_TAIL+DIRTY_BARS
SPC,2022-01-27,2026-08-05,484,0,1125,641,134,507,2,43.02,COLLECTION_ERROR+NO_TRADING+MISSING_TAIL
SPD,2016-01-04,2026-07-03,1814,1,2622,808,0,808,25,69.18,COLLECTION_ERROR+MISSING_TAIL+DIRTY_BARS
SPH,2016-01-04,2026-04-06,1809,399,2561,752,0,752,86,70.64,COLLECTION_ERROR+MISSING_TAIL+DIRTY_BARS
SPI,2016-01-04,2025-02-14,2222,3,2278,56,0,56,369,97.54,COLLECTION_ERROR+MISSING_TAIL+DIRTY_BARS
SPM,2016-01-04,2026-08-07,2396,21,2647,251,0,251,0,90.52,COLLECTION_ERROR+DIRTY_BARS
SPV,2017-02-14,2026-08-07,1866,31,2371,505,0,505,0,78.70,COLLECTION_ERROR+DIRTY_BARS
SRA,2016-01-04,2026-08-07,2295,255,2647,352,0,352,0,86.70,COLLECTION_ERROR+DIRTY_BARS
SRB,2016-01-04,2026-08-07,2615,4,2647,32,5,27,0,98.79,COLLECTION_ERROR+NO_TRADING+DIRTY_BARS
SRC,2016-01-04,2026-08-07,2450,3,2647,197,0,197,0,92.56,COLLECTION_ERROR+DIRTY_BARS
SRF,2016-01-04,2026-08-07,2609,6,2647,38,0,38,0,98.56,COLLECTION_ERROR+DIRTY_BARS
SSB,2021-03-24,2026-08-07,1342,0,1342,0,0,0,0,100.00,FULL
SSC,2016-01-04,2026-08-07,2313,72,2647,334,0,334,0,87.38,COLLECTION_ERROR+DIRTY_BARS
SSG,2016-01-04,2026-08-07,2530,274,2647,117,0,117,0,95.58,COLLECTION_ERROR+DIRTY_BARS
SSH,2021-08-04,2026-06-22,1084,0,1216,132,0,132,34,89.14,COLLECTION_ERROR+MISSING_TAIL
SSI,2016-01-04,2026-08-18,2654,1,2647,0,0,0,0,100.00,DIRTY_BARS
SSM,2016-01-04,2026-07-30,1998,0,2641,643,0,643,6,75.65,COLLECTION_ERROR+MISSING_TAIL
ST8,2016-01-04,2026-08-07,2646,17,2647,1,0,1,0,99.96,COLLECTION_ERROR+DIRTY_BARS
STB,2020-02-26,2026-08-07,1612,0,1612,0,0,0,0,100.00,FULL
STC,2016-01-04,2026-08-05,1574,0,2645,1071,715,356,2,59.51,COLLECTION_ERROR+NO_TRADING+MISSING_TAIL
STD,2026-01-27,2026-08-07,117,0,131,14,0,14,0,89.31,COLLECTION_ERROR
STG,2016-01-04,2026-08-07,2325,12,2647,322,0,322,0,87.84,COLLECTION_ERROR+DIRTY_BARS
STH,2020-03-17,2026-08-07,1593,0,1598,5,0,5,0,99.69,COLLECTION_ERROR
STK,2016-01-04,2026-08-07,2646,32,2647,1,0,1,0,99.96,COLLECTION_ERROR+DIRTY_BARS
STP,2016-01-04,2026-07-30,2305,156,2641,336,0,336,6,87.28,COLLECTION_ERROR+MISSING_TAIL+DIRTY_BARS
STS,2016-01-04,2026-06-23,1836,0,2614,778,0,778,33,70.24,COLLECTION_ERROR+MISSING_TAIL
STT,2016-01-04,2026-08-07,1985,0,2647,662,5,657,0,74.99,COLLECTION_ERROR+NO_TRADING
STW,2018-07-06,2026-04-29,1292,0,1951,659,0,659,70,66.22,COLLECTION_ERROR+MISSING_TAIL
SVC,2016-01-04,2026-08-07,2526,4,2647,121,0,121,0,95.43,COLLECTION_ERROR+DIRTY_BARS
SVD,2021-02-02,2026-08-07,1364,0,1373,9,0,9,0,99.34,COLLECTION_ERROR
SVG,2016-04-06,2026-08-03,2133,9,2581,448,0,448,4,82.64,COLLECTION_ERROR+MISSING_TAIL+DIRTY_BARS
SVH,2017-12-28,2024-06-12,1290,705,1610,320,0,320,538,80.12,COLLECTION_ERROR+MISSING_TAIL+DIRTY_BARS
SVN,2016-01-04,2026-08-07,2620,3,2647,27,0,27,0,98.98,COLLECTION_ERROR+DIRTY_BARS
SVT,2016-01-04,2026-08-07,2605,196,2647,42,0,42,0,98.41,COLLECTION_ERROR+DIRTY_BARS
SWC,2016-01-04,2026-08-07,2614,4,2647,33,0,33,0,98.75,COLLECTION_ERROR+DIRTY_BARS
SZB,2019-12-20,2026-08-07,1569,0,1654,85,28,57,0,94.86,COLLECTION_ERROR+NO_TRADING
SZC,2019-01-15,2026-08-07,1887,0,1887,0,0,0,0,100.00,FULL
SZE,2016-12-09,2026-08-07,2278,35,2412,134,0,134,0,94.44,COLLECTION_ERROR+DIRTY_BARS
SZG,2021-12-27,2026-07-14,761,0,1131,370,0,370,18,67.29,COLLECTION_ERROR+MISSING_TAIL
SZL,2016-01-04,2026-08-07,2622,7,2647,25,0,25,0,99.06,COLLECTION_ERROR+DIRTY_BARS
TA6,2017-11-28,2026-08-07,1546,0,2170,624,0,624,0,71.24,COLLECTION_ERROR
TA9,2016-01-04,2026-08-07,2604,23,2647,43,0,43,0,98.38,COLLECTION_ERROR+DIRTY_BARS
TAB,2024-09-27,2026-08-05,166,0,462,296,0,296,2,35.93,COLLECTION_ERROR+MISSING_TAIL
TAH,2026-07-21,2026-08-07,14,0,14,0,0,0,0,100.00,FULL
TAL,2024-01-09,2026-08-07,630,0,641,11,0,11,0,98.28,COLLECTION_ERROR
TAN,2019-06-10,2026-06-24,1263,61,1760,497,1,496,32,71.76,COLLECTION_ERROR+NO_TRADING+MISSING_TAIL+DIRTY_BARS
TAR,2019-02-20,2026-08-07,1354,0,1866,512,0,512,0,72.56,COLLECTION_ERROR
TAW,2016-07-29,2026-07-15,1758,164,2489,731,0,731,17,70.63,COLLECTION_ERROR+MISSING_TAIL+DIRTY_BARS
TBC,2016-01-04,2026-08-07,2518,90,2647,129,0,129,0,95.13,COLLECTION_ERROR+DIRTY_BARS
TBD,2016-01-04,2026-07-28,2018,154,2639,621,0,621,8,76.47,COLLECTION_ERROR+MISSING_TAIL+DIRTY_BARS
TBR,2022-07-20,2026-08-03,476,0,1007,531,0,531,4,47.27,COLLECTION_ERROR+MISSING_TAIL
TBW,2024-06-03,2024-06-12,8,0,8,0,0,0,538,100.00,MISSING_TAIL
TCB,2018-06-04,2026-08-12,2048,0,2045,0,0,0,0,100.00,FULL
TCD,2017-05-26,2026-08-07,2094,3,2301,207,0,207,0,91.00,COLLECTION_ERROR+DIRTY_BARS
TCH,2016-10-05,2026-08-07,2459,1,2459,0,0,0,0,100.00,DIRTY_BARS
TCI,2018-09-05,2026-08-07,1953,0,1979,26,0,26,0,98.69,COLLECTION_ERROR
TCJ,2017-11-24,2026-06-05,1403,1,2127,724,0,724,45,65.96,COLLECTION_ERROR+MISSING_TAIL+DIRTY_BARS
TCK,2017-10-27,2026-01-30,1378,1,2065,687,0,687,127,66.73,COLLECTION_ERROR+MISSING_TAIL+DIRTY_BARS
TCL,2016-01-04,2026-08-07,2647,18,2647,0,0,0,0,100.00,DIRTY_BARS
TCM,2016-01-04,2026-08-07,2647,1,2647,0,0,0,0,100.00,DIRTY_BARS
TCO,2016-01-04,2026-08-07,2647,109,2647,0,0,0,0,100.00,DIRTY_BARS
TCR,2016-01-04,2026-08-06,2556,4,2646,90,0,90,1,96.60,COLLECTION_ERROR+MISSING_TAIL+DIRTY_BARS
TCT,2016-01-04,2026-08-06,2621,7,2646,25,7,18,1,99.06,COLLECTION_ERROR+NO_TRADING+MISSING_TAIL+DIRTY_BARS
TCW,2017-06-26,2026-08-07,2273,7,2280,7,0,7,0,99.69,COLLECTION_ERROR+DIRTY_BARS
TCX,2025-10-21,2026-08-18,206,0,199,0,0,0,0,100.00,FULL
TD6,2025-06-16,2026-08-07,288,0,288,0,0,0,0,100.00,FULL
TDB,2017-07-19,2026-08-06,1997,15,2262,265,0,265,1,88.28,COLLECTION_ERROR+MISSING_TAIL+DIRTY_BARS
TDC,2016-01-04,2026-08-07,2647,3,2647,0,0,0,0,100.00,DIRTY_BARS
TDF,2020-05-25,2026-08-06,1080,0,1551,471,0,471,1,69.63,COLLECTION_ERROR+MISSING_TAIL
TDG,2017-06-15,2026-08-07,2287,1,2287,0,0,0,0,100.00,DIRTY_BARS
TDH,2016-01-04,2026-08-07,2647,0,2647,0,0,0,0,100.00,FULL
TDM,2016-04-01,2026-08-07,2550,186,2588,38,6,32,0,98.53,COLLECTION_ERROR+NO_TRADING+DIRTY_BARS
TDP,2018-11-12,2026-08-07,1925,0,1931,6,0,6,0,99.69,COLLECTION_ERROR
TDS,2016-01-04,2026-08-06,2564,159,2646,82,0,82,1,96.90,COLLECTION_ERROR+MISSING_TAIL+DIRTY_BARS
TDT,2018-07-18,2026-08-07,2013,0,2013,0,0,0,0,100.00,FULL
TDW,2016-01-04,2026-08-06,2263,128,2646,383,0,383,1,85.53,COLLECTION_ERROR+MISSING_TAIL+DIRTY_BARS
TED,2022-05-10,2026-08-07,717,0,1062,345,0,345,0,67.51,COLLECTION_ERROR
TEG,2016-01-04,2026-08-07,2634,0,2647,13,7,6,0,99.51,COLLECTION_ERROR+NO_TRADING
TET,2016-01-26,2026-08-06,254,0,2630,2376,1587,789,1,9.66,COLLECTION_ERROR+NO_TRADING+MISSING_TAIL
TFC,2016-01-04,2026-08-05,2538,47,2645,107,0,107,2,95.95,COLLECTION_ERROR+MISSING_TAIL+DIRTY_BARS
TGG,2018-05-25,2024-06-12,1381,4,1513,132,0,132,538,91.28,COLLECTION_ERROR+MISSING_TAIL+DIRTY_BARS
TGP,2016-01-04,2026-08-07,2214,202,2647,433,0,433,0,83.64,COLLECTION_ERROR+DIRTY_BARS
TH1,2016-01-04,2026-08-07,1952,1,2647,695,4,691,0,73.74,COLLECTION_ERROR+NO_TRADING+DIRTY_BARS
THB,2016-01-08,2026-08-03,1361,0,2639,1278,724,554,4,51.57,COLLECTION_ERROR+NO_TRADING+MISSING_TAIL
THD,2020-06-19,2026-08-07,1533,0,1533,0,0,0,0,100.00,FULL
THG,2016-01-04,2026-08-07,2645,2,2647,2,0,2,0,99.92,COLLECTION_ERROR+DIRTY_BARS
THM,2023-10-18,2026-07-08,381,0,677,296,0,296,22,56.28,COLLECTION_ERROR+MISSING_TAIL
THN,2017-10-05,2026-07-28,607,1,2200,1593,747,846,8,27.59,COLLECTION_ERROR+NO_TRADING+MISSING_TAIL+DIRTY_BARS
THP,2019-11-22,2026-08-06,1233,0,1673,440,0,440,1,73.70,COLLECTION_ERROR+MISSING_TAIL
THS,2016-01-04,2026-04-28,662,0,2576,1914,1242,672,71,25.70,COLLECTION_ERROR+NO_TRADING+MISSING_TAIL
THT,2016-01-08,2026-08-07,2535,0,2643,108,99,9,0,95.91,COLLECTION_ERROR+NO_TRADING
THU,2017-06-06,2026-08-07,1502,0,2294,792,0,792,0,65.48,COLLECTION_ERROR
THW,2016-03-01,2026-08-06,2083,321,2610,527,0,527,1,79.81,COLLECTION_ERROR+MISSING_TAIL+DIRTY_BARS
TID,2018-12-12,2026-08-07,1892,0,1909,17,0,17,0,99.11,COLLECTION_ERROR
TIE,2016-01-04,2026-08-04,2185,0,2644,459,0,459,3,82.64,COLLECTION_ERROR+MISSING_TAIL
TIG,2016-01-04,2026-08-07,2647,0,2647,0,0,0,0,100.00,FULL
TIN,2021-12-28,2026-08-07,1085,0,1148,63,0,63,0,94.51,COLLECTION_ERROR
TIP,2016-06-06,2026-08-07,2543,10,2545,2,0,2,0,99.92,COLLECTION_ERROR+DIRTY_BARS
TIS,2016-01-04,2026-08-07,2644,4,2647,3,0,3,0,99.89,COLLECTION_ERROR+DIRTY_BARS
TIX,2016-01-04,2026-07-20,2205,157,2633,428,0,428,14,83.74,COLLECTION_ERROR+MISSING_TAIL+DIRTY_BARS
TJC,2016-01-04,2026-08-07,1531,0,2647,1116,634,482,0,57.84,COLLECTION_ERROR+NO_TRADING
TKA,2023-08-08,2024-06-12,52,0,210,158,0,158,538,24.76,COLLECTION_ERROR+MISSING_TAIL
TKU,2016-01-04,2026-08-07,1601,0,2647,1046,680,366,0,60.48,COLLECTION_ERROR+NO_TRADING
TL4,2016-01-04,2026-08-07,2005,17,2647,642,0,642,0,75.75,COLLECTION_ERROR+DIRTY_BARS
TLD,2017-12-07,2026-08-07,2161,1,2163,2,0,2,0,99.91,COLLECTION_ERROR+DIRTY_BARS
TLG,2016-01-04,2026-08-07,2645,32,2647,2,0,2,0,99.92,COLLECTION_ERROR+DIRTY_BARS
TLH,2016-01-04,2026-08-07,2645,1,2647,2,0,2,0,99.92,COLLECTION_ERROR+DIRTY_BARS
TLP,2017-12-08,2026-08-07,1979,1,2162,183,0,183,0,91.54,COLLECTION_ERROR+DIRTY_BARS
TMB,2017-01-16,2026-08-07,1635,0,2387,752,692,60,0,68.50,COLLECTION_ERROR+NO_TRADING
TMC,2016-01-04,2026-08-05,1269,0,2645,1376,895,481,2,47.98,COLLECTION_ERROR+NO_TRADING+MISSING_TAIL
TMG,2017-02-07,2026-08-06,1818,30,2375,557,0,557,1,76.55,COLLECTION_ERROR+MISSING_TAIL+DIRTY_BARS
TMP,2016-01-04,2026-08-07,2573,149,2647,74,0,74,0,97.20,COLLECTION_ERROR+DIRTY_BARS
TMS,2016-01-04,2026-08-07,2526,18,2647,121,0,121,0,95.43,COLLECTION_ERROR+DIRTY_BARS
TMT,2016-01-04,2026-08-07,2638,2,2647,9,0,9,0,99.66,COLLECTION_ERROR+DIRTY_BARS
TMW,2016-01-04,2026-05-04,1898,261,2578,680,0,680,69,73.62,COLLECTION_ERROR+MISSING_TAIL+DIRTY_BARS
TMX,2016-01-12,2026-08-07,1097,0,2641,1544,987,557,0,41.54,COLLECTION_ERROR+NO_TRADING
TN1,2019-05-30,2026-08-07,1753,1,1799,46,0,46,0,97.44,COLLECTION_ERROR+DIRTY_BARS
TNA,2016-01-04,2024-09-13,2172,3,2174,2,0,2,473,99.91,COLLECTION_ERROR+MISSING_TAIL+DIRTY_BARS
TNB,2016-01-04,2026-08-05,2045,76,2645,600,0,600,2,77.32,COLLECTION_ERROR+MISSING_TAIL+DIRTY_BARS
TNC,2016-01-04,2026-08-04,2299,38,2644,345,0,345,3,86.95,COLLECTION_ERROR+MISSING_TAIL+DIRTY_BARS
TNG,2016-01-04,2026-08-07,2647,0,2647,0,0,0,0,100.00,FULL
TNH,2021-01-06,2026-08-07,1392,0,1392,0,0,0,0,100.00,FULL
TNI,2017-05-29,2026-08-07,2298,3,2300,2,0,2,0,99.91,COLLECTION_ERROR+DIRTY_BARS
TNP,2016-12-23,2026-08-05,1678,49,2400,722,0,722,2,69.92,COLLECTION_ERROR+MISSING_TAIL+DIRTY_BARS
TNS,2017-01-06,2026-08-07,1775,2,2393,618,0,618,0,74.17,COLLECTION_ERROR+DIRTY_BARS
TNT,2016-01-04,2026-08-07,2645,3,2647,2,0,2,0,99.92,COLLECTION_ERROR+DIRTY_BARS
TNW,2017-05-26,2026-08-07,1825,5,2301,476,0,476,0,79.31,COLLECTION_ERROR+DIRTY_BARS
TOP,2016-01-04,2025-05-30,1966,4,2349,383,0,383,298,83.70,COLLECTION_ERROR+MISSING_TAIL+DIRTY_BARS
TOS,2021-09-08,2026-08-07,1214,0,1227,13,0,13,0,98.94,COLLECTION_ERROR
TOT,2022-01-20,2026-08-07,919,0,1132,213,93,120,0,81.18,COLLECTION_ERROR+NO_TRADING
TOW,2019-01-25,2026-08-06,1419,0,1878,459,0,459,1,75.56,COLLECTION_ERROR+MISSING_TAIL
TPB,2018-04-19,2026-08-07,2072,0,2074,2,0,2,0,99.90,COLLECTION_ERROR
TPC,2016-01-04,2026-08-04,2391,72,2644,253,0,253,3,90.43,COLLECTION_ERROR+MISSING_TAIL+DIRTY_BARS
TPP,2016-01-04,2026-08-07,2153,110,2647,494,0,494,0,81.34,COLLECTION_ERROR+DIRTY_BARS
TPS,2016-01-04,2026-08-07,2020,237,2647,627,0,627,0,76.31,COLLECTION_ERROR+DIRTY_BARS
TQW,2019-06-14,2024-06-12,930,704,1250,320,1,319,538,74.40,COLLECTION_ERROR+NO_TRADING+MISSING_TAIL+DIRTY_BARS
TR1,2020-08-25,2026-07-28,870,0,1478,608,0,608,8,58.86,COLLECTION_ERROR+MISSING_TAIL
TRA,2016-01-04,2026-08-07,2593,20,2647,54,0,54,0,97.96,COLLECTION_ERROR+DIRTY_BARS
TRC,2016-01-04,2026-08-07,2617,5,2647,30,0,30,0,98.87,COLLECTION_ERROR+DIRTY_BARS
TRS,2016-01-04,2026-08-03,2050,178,2643,593,0,593,4,77.56,COLLECTION_ERROR+MISSING_TAIL+DIRTY_BARS
TRT,2017-03-16,2025-12-31,1607,4,2202,595,0,595,147,72.98,COLLECTION_ERROR+MISSING_TAIL+DIRTY_BARS
TRV,2025-06-19,2026-08-07,284,0,285,1,0,1,0,99.65,COLLECTION_ERROR
TS3,2018-01-19,2026-08-07,1952,17,2133,181,0,181,0,91.51,COLLECTION_ERROR+DIRTY_BARS
TSA,2024-06-25,2026-08-07,505,0,530,25,0,25,0,95.28,COLLECTION_ERROR
TSB,2016-01-05,2026-08-07,1306,0,2646,1340,1231,109,0,49.36,COLLECTION_ERROR+NO_TRADING
TSC,2016-01-04,2026-08-07,2645,1,2647,2,0,2,0,99.92,COLLECTION_ERROR+DIRTY_BARS
TSD,2018-01-10,2026-08-06,1721,1,2139,418,0,418,1,80.46,COLLECTION_ERROR+MISSING_TAIL+DIRTY_BARS
TSG,2017-04-18,2026-03-30,1619,0,2236,617,0,617,91,72.41,COLLECTION_ERROR+MISSING_TAIL
TSJ,2017-08-01,2026-07-23,1639,1,2243,604,0,604,11,73.07,COLLECTION_ERROR+MISSING_TAIL+DIRTY_BARS
TST,2016-01-04,2026-07-10,2003,0,2627,624,0,624,20,76.25,COLLECTION_ERROR+MISSING_TAIL
TT6,2024-08-02,2026-08-07,500,0,502,2,0,2,0,99.60,COLLECTION_ERROR
TTA,2020-09-18,2026-08-07,1469,0,1469,0,0,0,0,100.00,FULL
TTB,2016-01-04,2024-06-12,1919,0,2109,190,7,183,538,90.99,COLLECTION_ERROR+NO_TRADING+MISSING_TAIL
TTC,2016-01-04,2026-08-04,1869,0,2644,775,465,310,3,70.69,COLLECTION_ERROR+NO_TRADING+MISSING_TAIL
TTD,2017-02-06,2026-08-04,1914,21,2374,460,0,460,3,80.62,COLLECTION_ERROR+MISSING_TAIL+DIRTY_BARS
TTE,2018-12-10,2026-07-01,1286,8,1884,598,0,598,27,68.26,COLLECTION_ERROR+MISSING_TAIL+DIRTY_BARS
TTF,2016-01-04,2026-08-07,2645,3,2647,2,0,2,0,99.92,COLLECTION_ERROR+DIRTY_BARS
TTG,2016-01-04,2026-08-07,2306,0,2647,341,0,341,0,87.12,COLLECTION_ERROR
TTH,2016-10-26,2026-08-07,2444,3,2444,0,0,0,0,100.00,DIRTY_BARS
TTL,2018-01-18,2026-08-05,1863,0,2132,269,0,269,2,87.38,COLLECTION_ERROR+MISSING_TAIL
TTN,2017-04-19,2026-08-07,2325,11,2326,1,0,1,0,99.96,COLLECTION_ERROR+DIRTY_BARS
TTS,2017-05-17,2026-08-06,1560,193,2307,747,0,747,1,67.62,COLLECTION_ERROR+MISSING_TAIL+DIRTY_BARS
TTT,2017-06-02,2026-08-04,1470,0,2293,823,506,317,3,64.11,COLLECTION_ERROR+NO_TRADING+MISSING_TAIL
TTZ,2016-01-04,2024-06-12,1875,3,2109,234,0,234,538,88.90,COLLECTION_ERROR+MISSING_TAIL+DIRTY_BARS
TUG,2017-02-21,2026-08-07,1854,10,2366,512,0,512,0,78.36,COLLECTION_ERROR+DIRTY_BARS
TV1,2016-01-04,2026-08-07,2628,3,2647,19,7,12,0,99.28,COLLECTION_ERROR+NO_TRADING+DIRTY_BARS
TV2,2016-01-04,2026-08-07,2640,8,2647,7,7,0,0,99.74,NO_TRADING+DIRTY_BARS
TV3,2016-01-04,2026-08-05,2464,178,2645,181,0,181,2,93.16,COLLECTION_ERROR+MISSING_TAIL+DIRTY_BARS
TV4,2016-01-04,2026-08-07,2579,141,2647,68,0,68,0,97.43,COLLECTION_ERROR+DIRTY_BARS
TV6,2021-05-21,2026-08-04,754,0,1300,546,0,546,3,58.00,COLLECTION_ERROR+MISSING_TAIL
TVA,2017-04-11,2026-07-06,1579,14,2308,729,0,729,24,68.41,COLLECTION_ERROR+MISSING_TAIL+DIRTY_BARS
TVB,2016-01-04,2026-08-07,2640,0,2647,7,3,4,0,99.74,COLLECTION_ERROR+NO_TRADING
TVC,2016-01-04,2026-08-07,2535,0,2647,112,0,112,0,95.77,COLLECTION_ERROR
TVD,2016-01-04,2026-08-07,2344,0,2647,303,295,8,0,88.55,COLLECTION_ERROR+NO_TRADING
TVG,2016-01-04,2026-07-31,1889,0,2642,753,0,753,5,71.50,COLLECTION_ERROR+MISSING_TAIL
TVH,2019-01-17,2026-07-02,1136,0,1859,723,0,723,26,61.11,COLLECTION_ERROR+MISSING_TAIL
TVM,2016-01-04,2026-07-06,1811,333,2623,812,0,812,24,69.04,COLLECTION_ERROR+MISSING_TAIL+DIRTY_BARS
TVN,2016-01-18,2026-08-07,2635,68,2637,2,0,2,0,99.92,COLLECTION_ERROR+DIRTY_BARS
TVS,2016-01-04,2026-08-07,2645,46,2647,2,0,2,0,99.92,COLLECTION_ERROR+DIRTY_BARS
TVT,2017-07-17,2026-08-06,2190,7,2264,74,0,74,1,96.73,COLLECTION_ERROR+MISSING_TAIL+DIRTY_BARS
TW3,2016-10-18,2026-03-23,1800,62,2354,554,0,554,96,76.47,COLLECTION_ERROR+MISSING_TAIL+DIRTY_BARS
TXM,2016-01-04,2026-08-07,2579,0,2647,68,0,68,0,97.43,COLLECTION_ERROR
TYA,2016-01-04,2026-08-07,2608,3,2647,39,0,39,0,98.53,COLLECTION_ERROR+DIRTY_BARS
UCT,2016-11-15,2026-01-27,1697,1,2300,603,0,603,130,73.78,COLLECTION_ERROR+MISSING_TAIL+DIRTY_BARS
UDC,2016-01-04,2026-08-07,2637,5,2647,10,0,10,0,99.62,COLLECTION_ERROR+DIRTY_BARS
UDJ,2016-01-04,2026-08-07,2637,108,2647,10,0,10,0,99.62,COLLECTION_ERROR+DIRTY_BARS
UDL,2020-07-13,2026-07-08,820,0,1495,675,0,675,22,54.85,COLLECTION_ERROR+MISSING_TAIL
UEM,2016-01-04,2026-06-15,1882,683,2608,726,0,726,39,72.16,COLLECTION_ERROR+MISSING_TAIL+DIRTY_BARS
UIC,2016-01-04,2026-08-07,2529,3,2647,118,0,118,0,95.54,COLLECTION_ERROR+DIRTY_BARS
ULG,2026-08-07,2026-08-07,1,0,1,0,0,0,0,100.00,FULL
UMC,2017-08-28,2024-12-13,1381,32,1827,446,0,446,408,75.59,COLLECTION_ERROR+MISSING_TAIL+DIRTY_BARS
UNI,2016-01-04,2026-08-07,2498,2,2647,149,0,149,0,94.37,COLLECTION_ERROR+DIRTY_BARS
UPC,2017-04-21,2026-08-07,1600,0,2324,724,0,724,0,68.85,COLLECTION_ERROR
UPH,2016-12-29,2026-07-31,1933,0,2393,460,0,460,5,80.78,COLLECTION_ERROR+MISSING_TAIL
UPS,2026-03-20,2026-06-18,35,0,62,27,0,27,36,56.45,COLLECTION_ERROR+MISSING_TAIL
USC,2017-02-06,2026-07-08,1642,130,2355,713,0,713,22,69.72,COLLECTION_ERROR+MISSING_TAIL+DIRTY_BARS
USD,2019-01-30,2026-08-07,1623,0,1876,253,0,253,0,86.51,COLLECTION_ERROR
UXC,2025-01-24,2026-07-03,28,0,355,327,0,327,25,7.89,COLLECTION_ERROR+MISSING_TAIL
V12,2016-01-04,2026-07-09,1234,0,2626,1392,854,538,21,46.99,COLLECTION_ERROR+NO_TRADING+MISSING_TAIL
V21,2016-01-04,2026-08-07,2507,2,2647,140,0,140,0,94.71,COLLECTION_ERROR+DIRTY_BARS
VAB,2021-07-20,2026-08-07,1253,0,1261,8,0,8,0,99.37,COLLECTION_ERROR
VAF,2016-01-04,2026-08-03,2438,97,2643,205,0,205,4,92.24,COLLECTION_ERROR+MISSING_TAIL+DIRTY_BARS
VAV,2017-07-26,2026-08-04,1972,1,2255,283,0,283,3,87.45,COLLECTION_ERROR+MISSING_TAIL+DIRTY_BARS
VBB,2019-07-30,2026-08-07,1743,0,1756,13,0,13,0,99.26,COLLECTION_ERROR
VBC,2016-01-04,2026-08-07,1663,0,2647,984,631,353,0,62.83,COLLECTION_ERROR+NO_TRADING
VBG,2017-03-24,2026-08-07,1491,7,2343,852,0,852,0,63.64,COLLECTION_ERROR+DIRTY_BARS
VBH,2016-01-04,2026-08-04,2017,0,2644,627,6,621,3,76.29,COLLECTION_ERROR+NO_TRADING+MISSING_TAIL
VBT,2026-05-04,2026-08-07,52,0,70,18,0,18,0,74.29,COLLECTION_ERROR
VC1,2016-01-04,2026-08-05,2280,2,2645,365,0,365,2,86.20,COLLECTION_ERROR+MISSING_TAIL+DIRTY_BARS
VC2,2016-01-04,2026-08-07,2646,39,2647,1,0,1,0,99.96,COLLECTION_ERROR+DIRTY_BARS
VC3,2016-01-04,2026-08-07,2647,0,2647,0,0,0,0,100.00,FULL
VC6,2016-01-07,2026-07-28,1562,0,2636,1074,824,250,8,59.26,COLLECTION_ERROR+NO_TRADING+MISSING_TAIL
VC7,2016-01-04,2026-08-07,2640,3,2647,7,0,7,0,99.74,COLLECTION_ERROR+DIRTY_BARS
VC9,2016-01-04,2026-08-07,2611,3,2647,36,0,36,0,98.64,COLLECTION_ERROR+DIRTY_BARS
VCA,2016-01-04,2026-08-07,2568,42,2647,79,0,79,0,97.02,COLLECTION_ERROR+DIRTY_BARS
VCB,2016-01-04,2026-08-18,2652,1,2647,0,0,0,0,100.00,DIRTY_BARS
VCC,2016-01-04,2026-08-07,2172,0,2647,475,351,124,0,82.06,COLLECTION_ERROR+NO_TRADING
VCE,2016-12-29,2024-06-12,1539,705,1860,321,0,321,538,82.74,COLLECTION_ERROR+MISSING_TAIL+DIRTY_BARS
VCF,2016-01-04,2026-08-06,2533,124,2646,113,0,113,1,95.73,COLLECTION_ERROR+MISSING_TAIL+DIRTY_BARS
VCG,2016-01-04,2026-08-07,2647,0,2647,0,0,0,0,100.00,FULL
VCI,2017-07-07,2026-08-07,2269,1,2271,2,0,2,0,99.91,COLLECTION_ERROR+DIRTY_BARS
VCK,2025-12-16,2026-08-07,159,0,159,0,0,0,0,100.00,FULL
VCM,2016-01-04,2026-08-07,1334,0,2647,1313,957,356,0,50.40,COLLECTION_ERROR+NO_TRADING
VCP,2016-12-16,2026-08-07,2352,6,2407,55,0,55,0,97.71,COLLECTION_ERROR+DIRTY_BARS
VCR,2016-01-04,2026-08-07,2515,3,2647,132,0,132,0,95.01,COLLECTION_ERROR+DIRTY_BARS
VCS,2016-01-04,2026-08-07,2647,0,2647,0,0,0,0,100.00,FULL
VCT,2016-01-04,2025-07-18,1802,53,2384,582,0,582,263,75.59,COLLECTION_ERROR+MISSING_TAIL+DIRTY_BARS
VCX,2016-01-04,2026-08-04,2185,0,2644,459,0,459,3,82.64,COLLECTION_ERROR+MISSING_TAIL
VDB,2018-11-22,2024-06-12,1066,704,1385,319,0,319,538,76.97,COLLECTION_ERROR+MISSING_TAIL+DIRTY_BARS
VDG,2024-09-26,2026-06-25,278,0,434,156,0,156,31,64.06,COLLECTION_ERROR+MISSING_TAIL
VDL,2016-01-04,2026-08-06,2039,3,2646,607,0,607,1,77.06,COLLECTION_ERROR+MISSING_TAIL+DIRTY_BARS
VDN,2016-01-04,2026-07-21,2139,276,2634,495,0,495,13,81.21,COLLECTION_ERROR+MISSING_TAIL+DIRTY_BARS
VDP,2017-08-15,2026-08-07,2068,5,2244,176,0,176,0,92.16,COLLECTION_ERROR+DIRTY_BARS
VDS,2016-01-04,2026-08-07,2639,82,2647,8,6,2,0,99.70,COLLECTION_ERROR+NO_TRADING+DIRTY_BARS
VDT,2016-01-04,2026-06-17,1983,249,2610,627,0,627,37,75.98,COLLECTION_ERROR+MISSING_TAIL+DIRTY_BARS
VE1,2016-01-04,2026-08-03,2520,3,2643,123,0,123,4,95.35,COLLECTION_ERROR+MISSING_TAIL+DIRTY_BARS
VE3,2016-01-04,2026-08-07,2145,2,2647,502,0,502,0,81.04,COLLECTION_ERROR+DIRTY_BARS
VE4,2016-01-04,2025-11-04,1881,0,2459,578,0,578,188,76.49,COLLECTION_ERROR+MISSING_TAIL
VE8,2016-01-04,2026-07-31,2118,104,2642,524,0,524,5,80.17,COLLECTION_ERROR+MISSING_TAIL+DIRTY_BARS
VE9,2016-01-04,2026-08-04,2612,3,2644,32,0,32,3,98.79,COLLECTION_ERROR+MISSING_TAIL+DIRTY_BARS
VEA,2018-07-02,2026-08-07,2025,1,2025,0,0,0,0,100.00,DIRTY_BARS
VEC,2017-07-14,2026-08-07,2234,3,2266,32,0,32,0,98.59,COLLECTION_ERROR+DIRTY_BARS
VEF,2016-01-04,2026-08-07,2645,4,2647,2,0,2,0,99.92,COLLECTION_ERROR+DIRTY_BARS
VES,2016-01-04,2026-08-07,2050,29,2647,597,0,597,0,77.45,COLLECTION_ERROR+DIRTY_BARS
VET,2017-12-13,2026-08-07,2035,2,2159,124,0,124,0,94.26,COLLECTION_ERROR+DIRTY_BARS
VFC,2016-01-04,2026-06-17,2048,223,2610,562,0,562,37,78.47,COLLECTION_ERROR+MISSING_TAIL+DIRTY_BARS
VFG,2016-01-04,2026-08-07,2625,7,2647,22,0,22,0,99.17,COLLECTION_ERROR+DIRTY_BARS
VFR,2016-01-04,2026-08-05,2299,0,2645,346,5,341,2,86.92,COLLECTION_ERROR+NO_TRADING+MISSING_TAIL
VFS,2020-07-01,2026-08-07,1518,0,1525,7,0,7,0,99.54,COLLECTION_ERROR
VGC,2016-01-04,2026-08-07,2636,12,2647,11,11,0,0,99.58,NO_TRADING+DIRTY_BARS
VGG,2016-03-10,2026-08-07,2566,5,2604,38,0,38,0,98.54,COLLECTION_ERROR+DIRTY_BARS
VGI,2018-09-25,2026-08-07,1965,3,1965,0,0,0,0,100.00,DIRTY_BARS
VGL,2016-08-15,2026-08-03,1741,221,2491,750,0,750,4,69.89,COLLECTION_ERROR+MISSING_TAIL+DIRTY_BARS
VGP,2016-01-04,2026-08-07,1520,0,2647,1127,1026,101,0,57.42,COLLECTION_ERROR+NO_TRADING
VGR,2018-04-12,2026-08-07,1937,3,2079,142,0,142,0,93.17,COLLECTION_ERROR+DIRTY_BARS
VGS,2016-01-04,2026-08-07,2640,0,2647,7,6,1,0,99.74,COLLECTION_ERROR+NO_TRADING
VGT,2017-01-03,2026-08-07,2394,2,2396,2,0,2,0,99.92,COLLECTION_ERROR+DIRTY_BARS
VGV,2017-07-17,2026-07-29,2020,0,2258,238,0,238,7,89.46,COLLECTION_ERROR+MISSING_TAIL
VHC,2016-01-04,2026-08-07,2645,1,2647,2,0,2,0,99.92,COLLECTION_ERROR+DIRTY_BARS
VHD,2017-06-22,2026-08-07,1968,4,2282,314,0,314,0,86.24,COLLECTION_ERROR+DIRTY_BARS
VHE,2019-01-14,2026-08-07,1888,0,1888,0,0,0,0,100.00,FULL
VHF,2016-01-04,2026-06-01,1911,280,2598,687,0,687,49,73.56,COLLECTION_ERROR+MISSING_TAIL+DIRTY_BARS
VHG,2016-01-04,2026-08-07,2639,3,2647,8,6,2,0,99.70,COLLECTION_ERROR+NO_TRADING+DIRTY_BARS
VHH,2016-01-04,2026-08-07,1978,0,2647,669,175,494,0,74.73,COLLECTION_ERROR+NO_TRADING
VHL,2016-01-04,2026-08-06,2334,99,2646,312,0,312,1,88.21,COLLECTION_ERROR+MISSING_TAIL+DIRTY_BARS
VHM,2018-05-17,2026-08-07,2055,0,2057,2,0,2,0,99.90,COLLECTION_ERROR
VIB,2017-01-09,2026-08-07,2390,1,2392,2,0,2,0,99.92,COLLECTION_ERROR+DIRTY_BARS
VIC,2016-01-04,2026-08-07,2645,1,2647,2,0,2,0,99.92,COLLECTION_ERROR+DIRTY_BARS
VID,2016-01-04,2026-08-06,2620,71,2646,26,0,26,1,99.02,COLLECTION_ERROR+MISSING_TAIL+DIRTY_BARS
VIE,2016-01-04,2026-08-07,2142,0,2647,505,0,505,0,80.92,COLLECTION_ERROR
VIF,2020-02-03,2026-08-07,1436,0,1629,193,127,66,0,88.15,COLLECTION_ERROR+NO_TRADING
VIG,2016-01-04,2026-08-07,2647,3,2647,0,0,0,0,100.00,DIRTY_BARS
VIM,2017-01-24,2026-08-06,1921,36,2380,459,0,459,1,80.71,COLLECTION_ERROR+MISSING_TAIL+DIRTY_BARS
VIN,2016-01-04,2026-07-27,2171,152,2638,467,0,467,9,82.30,COLLECTION_ERROR+MISSING_TAIL+DIRTY_BARS
VIP,2016-01-04,2026-08-07,2645,4,2647,2,0,2,0,99.92,COLLECTION_ERROR+DIRTY_BARS
VIR,2016-01-04,2026-02-06,1808,246,2525,717,0,717,122,71.60,COLLECTION_ERROR+MISSING_TAIL+DIRTY_BARS
VIT,2016-01-04,2026-08-06,2153,0,2646,493,153,340,1,81.37,COLLECTION_ERROR+NO_TRADING+MISSING_TAIL
VIW,2018-01-05,2026-08-07,1610,1,2143,533,0,533,0,75.13,COLLECTION_ERROR+DIRTY_BARS
VIX,2016-01-04,2026-08-07,2647,0,2647,0,0,0,0,100.00,FULL
VJC,2017-02-28,2026-08-07,2359,3,2361,2,0,2,0,99.92,COLLECTION_ERROR+DIRTY_BARS
VKC,2016-01-04,2026-08-07,2031,3,2647,616,0,616,0,76.73,COLLECTION_ERROR+DIRTY_BARS
VLA,2016-01-07,2026-07-30,1200,0,2638,1438,1058,380,6,45.49,COLLECTION_ERROR+NO_TRADING+MISSING_TAIL
VLB,2016-09-22,2026-08-07,2466,73,2468,2,0,2,0,99.92,COLLECTION_ERROR+DIRTY_BARS
VLC,2016-01-04,2026-08-07,2645,43,2647,2,0,2,0,99.92,COLLECTION_ERROR+DIRTY_BARS
VLG,2016-01-04,2026-08-07,2622,143,2647,25,0,25,0,99.06,COLLECTION_ERROR+DIRTY_BARS
VLP,2017-07-18,2024-10-30,1415,275,1824,409,0,409,440,77.58,COLLECTION_ERROR+MISSING_TAIL+DIRTY_BARS
VLS,2025-12-15,2026-08-07,160,0,160,0,0,0,0,100.00,FULL
VLW,2017-07-17,2026-08-06,1676,5,2264,588,0,588,1,74.03,COLLECTION_ERROR+MISSING_TAIL+DIRTY_BARS
VMA,2016-01-04,2024-06-12,1788,953,2109,321,0,321,538,84.78,COLLECTION_ERROR+MISSING_TAIL+DIRTY_BARS
VMC,2016-01-06,2026-08-07,2392,0,2645,253,213,40,0,90.43,COLLECTION_ERROR+NO_TRADING
VMD,2016-01-04,2026-08-07,2572,117,2647,75,0,75,0,97.17,COLLECTION_ERROR+DIRTY_BARS
VMG,2017-10-11,2026-08-07,1969,4,2204,235,0,235,0,89.34,COLLECTION_ERROR+DIRTY_BARS
VMK,2024-01-12,2026-07-14,43,0,620,577,0,577,18,6.94,COLLECTION_ERROR+MISSING_TAIL
VMS,2016-01-04,2026-08-04,2222,153,2644,422,0,422,3,84.04,COLLECTION_ERROR+MISSING_TAIL+DIRTY_BARS
VMT,2023-01-11,2026-02-26,205,0,776,571,0,571,113,26.42,COLLECTION_ERROR+MISSING_TAIL
VNA,2016-01-04,2026-08-07,2599,4,2647,48,6,42,0,98.19,COLLECTION_ERROR+NO_TRADING+DIRTY_BARS
VNB,2016-07-15,2026-08-07,2510,1,2516,6,0,6,0,99.76,COLLECTION_ERROR+DIRTY_BARS
VNC,2016-01-04,2026-08-06,1751,0,2646,895,740,155,1,66.18,COLLECTION_ERROR+NO_TRADING+MISSING_TAIL
VND,2016-01-04,2026-08-07,2641,1,2647,6,4,2,0,99.77,COLLECTION_ERROR+NO_TRADING+DIRTY_BARS
VNE,2016-01-04,2026-08-07,2635,4,2647,12,0,12,0,99.55,COLLECTION_ERROR+DIRTY_BARS
VNF,2016-01-06,2026-08-07,1799,0,2645,846,724,122,0,68.02,COLLECTION_ERROR+NO_TRADING
VNG,2016-01-04,2026-08-07,2613,3,2647,34,0,34,0,98.72,COLLECTION_ERROR+DIRTY_BARS
VNH,2016-01-04,2026-08-07,2180,0,2647,467,6,461,0,82.36,COLLECTION_ERROR+NO_TRADING
VNI,2016-01-04,2026-08-05,2220,0,2645,425,0,425,2,83.93,COLLECTION_ERROR+MISSING_TAIL
VNL,2016-01-04,2026-08-07,2632,133,2647,15,0,15,0,99.43,COLLECTION_ERROR+DIRTY_BARS
VNM,2016-01-04,2026-08-07,2645,1,2647,2,0,2,0,99.92,COLLECTION_ERROR+DIRTY_BARS
VNP,2016-01-04,2026-08-07,2620,2,2647,27,0,27,0,98.98,COLLECTION_ERROR+DIRTY_BARS
VNR,2016-01-05,2026-08-07,2442,0,2646,204,180,24,0,92.29,COLLECTION_ERROR+NO_TRADING
VNS,2016-01-04,2026-08-07,2638,2,2647,9,0,9,0,99.66,COLLECTION_ERROR+DIRTY_BARS
VNT,2016-01-04,2026-07-13,2047,146,2628,581,0,581,19,77.89,COLLECTION_ERROR+MISSING_TAIL+DIRTY_BARS
VNX,2016-01-04,2026-07-28,1879,306,2639,760,0,760,8,71.20,COLLECTION_ERROR+MISSING_TAIL+DIRTY_BARS
VNY,2018-08-03,2026-08-04,1609,1,1998,389,0,389,3,80.53,COLLECTION_ERROR+MISSING_TAIL+DIRTY_BARS
VNZ,2023-02-01,2026-08-07,837,0,879,42,0,42,0,95.22,COLLECTION_ERROR
VOS,2016-01-04,2026-08-07,2646,4,2647,1,0,1,0,99.96,COLLECTION_ERROR+DIRTY_BARS
VPA,2016-01-27,2026-08-07,1957,0,2630,673,0,673,0,74.41,COLLECTION_ERROR
VPB,2017-08-17,2026-08-07,2241,1,2242,1,0,1,0,99.96,COLLECTION_ERROR+DIRTY_BARS
VPC,2016-01-04,2026-07-10,1916,3,2627,711,0,711,20,72.93,COLLECTION_ERROR+MISSING_TAIL+DIRTY_BARS
VPD,2016-04-12,2026-08-07,2564,25,2581,17,5,12,0,99.34,COLLECTION_ERROR+NO_TRADING+DIRTY_BARS
VPG,2018-01-18,2026-08-07,2133,1,2134,1,0,1,0,99.95,COLLECTION_ERROR+DIRTY_BARS
VPH,2016-01-04,2026-08-07,2646,4,2647,1,0,1,0,99.96,COLLECTION_ERROR+DIRTY_BARS
VPI,2017-11-28,2026-08-07,2162,0,2170,8,7,1,0,99.63,COLLECTION_ERROR+NO_TRADING
VPL,2019-07-11,2026-08-07,1222,753,1769,547,2,545,0,69.08,COLLECTION_ERROR+NO_TRADING+DIRTY_BARS
VPR,2016-12-20,2026-08-07,1820,85,2405,585,0,585,0,75.68,COLLECTION_ERROR+DIRTY_BARS
VPS,2016-01-04,2026-08-07,2563,46,2647,84,0,84,0,96.83,COLLECTION_ERROR+DIRTY_BARS
VPW,2017-11-13,2024-06-12,1324,397,1643,319,0,319,538,80.58,COLLECTION_ERROR+MISSING_TAIL+DIRTY_BARS
VPX,2025-12-11,2026-08-07,162,0,162,0,0,0,0,100.00,FULL
VQC,2016-01-04,2026-07-27,2117,227,2638,521,0,521,9,80.25,COLLECTION_ERROR+MISSING_TAIL+DIRTY_BARS
VRC,2016-01-04,2026-08-07,2633,3,2647,14,0,14,0,99.47,COLLECTION_ERROR+DIRTY_BARS
VRE,2017-11-06,2026-08-07,2185,3,2186,1,0,1,0,99.95,COLLECTION_ERROR+DIRTY_BARS
VRG,2016-01-04,2026-08-07,2635,184,2647,12,0,12,0,99.55,COLLECTION_ERROR+DIRTY_BARS
VSA,2016-01-04,2026-08-07,2546,115,2647,101,0,101,0,96.18,COLLECTION_ERROR+DIRTY_BARS
VSC,2016-01-04,2026-08-07,2646,1,2647,1,0,1,0,99.96,COLLECTION_ERROR+DIRTY_BARS
VSE,2018-10-10,2026-08-06,1906,1,1953,47,0,47,1,97.59,COLLECTION_ERROR+MISSING_TAIL+DIRTY_BARS
VSF,2018-04-23,2026-08-07,2065,4,2072,7,0,7,0,99.66,COLLECTION_ERROR+DIRTY_BARS
VSG,2016-01-04,2026-07-24,1991,0,2637,646,0,646,10,75.50,COLLECTION_ERROR+MISSING_TAIL
VSH,2016-01-04,2026-08-07,2636,3,2647,11,0,11,0,99.58,COLLECTION_ERROR+DIRTY_BARS
VSI,2016-01-04,2026-08-07,2423,10,2647,224,0,224,0,91.54,COLLECTION_ERROR+DIRTY_BARS
VSM,2017-07-17,2026-08-05,1218,0,2263,1045,721,324,2,53.82,COLLECTION_ERROR+NO_TRADING+MISSING_TAIL
VSN,2016-10-21,2026-08-05,2301,1,2445,144,0,144,2,94.11,COLLECTION_ERROR+MISSING_TAIL+DIRTY_BARS
VST,2016-01-04,2026-08-07,2027,0,2647,620,0,620,0,76.58,COLLECTION_ERROR
VTA,2016-01-04,2026-08-07,2503,3,2647,144,0,144,0,94.56,COLLECTION_ERROR+DIRTY_BARS
VTB,2016-01-04,2026-08-07,2575,34,2647,72,0,72,0,97.28,COLLECTION_ERROR+DIRTY_BARS
VTC,2016-01-05,2026-08-07,2062,0,2646,584,432,152,0,77.93,COLLECTION_ERROR+NO_TRADING
VTD,2019-11-06,2026-08-07,1686,0,1686,0,0,0,0,100.00,FULL
VTE,2018-06-05,2026-08-07,1507,3,2044,537,0,537,0,73.73,COLLECTION_ERROR+DIRTY_BARS
VTG,2016-01-04,2026-07-10,1936,0,2627,691,0,691,20,73.70,COLLECTION_ERROR+MISSING_TAIL
VTH,2016-01-04,2026-07-29,2242,40,2640,398,0,398,7,84.92,COLLECTION_ERROR+MISSING_TAIL+DIRTY_BARS
VTI,2016-01-04,2025-12-05,1851,0,2482,631,0,631,165,74.58,COLLECTION_ERROR+MISSING_TAIL
VTJ,2016-01-04,2026-07-03,2231,3,2622,391,6,385,25,85.09,COLLECTION_ERROR+NO_TRADING+MISSING_TAIL+DIRTY_BARS
VTK,2018-12-18,2026-08-07,1895,0,1905,10,0,10,0,99.48,COLLECTION_ERROR
VTM,2016-01-04,2024-06-12,1788,895,2109,321,0,321,538,84.78,COLLECTION_ERROR+MISSING_TAIL+DIRTY_BARS
VTO,2016-01-04,2026-08-07,2646,2,2647,1,0,1,0,99.96,COLLECTION_ERROR+DIRTY_BARS
VTP,2018-11-23,2026-08-07,1915,0,1922,7,0,7,0,99.64,COLLECTION_ERROR
VTQ,2021-05-20,2026-08-07,667,0,1304,637,0,637,0,51.15,COLLECTION_ERROR
VTR,2019-09-27,2026-08-07,1714,3,1714,0,0,0,0,100.00,DIRTY_BARS
VTS,2016-01-04,2026-08-07,1942,0,2647,705,0,705,0,73.37,COLLECTION_ERROR
VTV,2016-01-04,2026-08-07,2643,12,2647,4,0,4,0,99.85,COLLECTION_ERROR+DIRTY_BARS
VTX,2016-01-04,2026-05-29,1912,0,2597,685,0,685,50,73.62,COLLECTION_ERROR+MISSING_TAIL
VTZ,2021-11-25,2026-08-07,1170,0,1171,1,0,1,0,99.91,COLLECTION_ERROR
VUA,2022-01-25,2026-08-06,782,0,1128,346,0,346,1,69.33,COLLECTION_ERROR+MISSING_TAIL
VVN,2017-10-17,2026-07-10,1459,0,2180,721,0,721,20,66.93,COLLECTION_ERROR+MISSING_TAIL
VVS,2022-10-07,2026-08-07,653,0,956,303,0,303,0,68.31,COLLECTION_ERROR
VW3,2020-04-23,2026-08-06,1178,0,1571,393,0,393,1,74.98,COLLECTION_ERROR+MISSING_TAIL
VWS,2017-01-06,2026-07-13,1709,32,2374,665,0,665,19,71.99,COLLECTION_ERROR+MISSING_TAIL+DIRTY_BARS
VXB,2016-01-04,2026-03-06,1928,0,2540,612,0,612,107,75.91,COLLECTION_ERROR+MISSING_TAIL
VXP,2019-10-22,2024-06-12,846,0,1159,313,0,313,538,72.99,COLLECTION_ERROR+MISSING_TAIL
VXT,2020-06-04,2026-05-12,853,0,1481,628,0,628,63,57.60,COLLECTION_ERROR+MISSING_TAIL
WCS,2016-01-05,2026-08-05,2142,0,2644,502,274,228,2,81.01,COLLECTION_ERROR+NO_TRADING+MISSING_TAIL
WSB,2016-01-04,2026-08-06,2462,39,2646,184,0,184,1,93.05,COLLECTION_ERROR+MISSING_TAIL+DIRTY_BARS
WSS,2016-01-04,2026-08-07,2641,3,2647,6,0,6,0,99.77,COLLECTION_ERROR+DIRTY_BARS
WTC,2016-01-04,2026-08-07,2391,296,2647,256,0,256,0,90.33,COLLECTION_ERROR+DIRTY_BARS
X20,2018-02-05,2026-08-07,1009,0,2122,1113,723,390,0,47.55,COLLECTION_ERROR+NO_TRADING
X26,2018-07-09,2026-07-08,1270,2,1998,728,0,728,22,63.56,COLLECTION_ERROR+MISSING_TAIL+DIRTY_BARS
X77,2017-02-17,2024-06-12,1509,704,1830,321,0,321,538,82.46,COLLECTION_ERROR+MISSING_TAIL+DIRTY_BARS
XDH,2018-10-22,2026-08-05,1379,1,1944,565,0,565,2,70.94,COLLECTION_ERROR+MISSING_TAIL+DIRTY_BARS
XHC,2016-11-03,2026-08-07,1868,36,2438,570,0,570,0,76.62,COLLECTION_ERROR+DIRTY_BARS
XLV,2018-05-22,2026-08-04,1357,1,2051,694,0,694,3,66.16,COLLECTION_ERROR+MISSING_TAIL+DIRTY_BARS
XMC,2019-06-28,2026-08-07,1755,0,1778,23,0,23,0,98.71,COLLECTION_ERROR
XMD,2016-01-04,2026-08-03,2161,708,2643,482,0,482,4,81.76,COLLECTION_ERROR+MISSING_TAIL+DIRTY_BARS
XMP,2021-08-16,2026-08-07,775,0,1242,467,0,467,0,62.40,COLLECTION_ERROR
XPH,2016-01-04,2026-08-07,2379,2,2647,268,0,268,0,89.88,COLLECTION_ERROR+DIRTY_BARS
YBC,2016-01-04,2026-08-03,2131,0,2643,512,0,512,4,80.63,COLLECTION_ERROR+MISSING_TAIL
YBM,2018-08-21,2026-08-06,1864,6,1988,124,0,124,1,93.76,COLLECTION_ERROR+MISSING_TAIL+DIRTY_BARS
YEG,2018-06-26,2026-08-07,2028,1,2029,1,0,1,0,99.95,COLLECTION_ERROR+DIRTY_BARS
YTC,2017-08-03,2026-07-14,1771,19,2234,463,0,463,18,79.27,COLLECTION_ERROR+MISSING_TAIL+DIRTY_BARS
